,,,,,,,,,,,,,,,,,,,
420,6,,,,,,,,,,,,,,,,,,
,,,,,,,,,,,,,,,,,,,
,,,,,,,,,,,,,,,,,,,
1 Brand,Model,Type,FL,Diam.,AFOV,Wt.,Eye Relief,Mfr's Field Stop ,Calc.FieldStop,Coatings,Edge black,Elem.,Mag.,Exit Pupil,TFOV,other currency, Price ,420,6.00
365 Astronomy,Andromeda Extra Flat,General Use,8,1.25,60,,?,?,8.4,FMC,?,?,53,1.3,1.14,46.5, $ 59.99 ,420,6.00
365 Astronomy,Andromeda Extra Flat,General Use,12,1.25,60,,?,?,12.6,FMC,?,?,35,2.0,1.71,49.2, $ 63.47 ,420,6.00
365 Astronomy,Andromeda Extra Flat,General Use,16,1.25,60,,?,?,16.8,FMC,?,?,26,2.7,2.29,48.2, $ 62.18 ,420,6.00
365 Astronomy,Andromeda Extra Flat,General Use,19,1.25,65,,?,?,21.6,FMC,?,?,22,3.2,2.94,49.9, $ 64.37 ,420,6.00
365 Astronomy,Columbus Ultra Wide Angle,UltraWideField,11,1.25,80,,9.0,?,15.4,FMC,?,5,38,1.8,2.10,42.5, $ 54.83 ,420,6.00
365 Astronomy,Columbus Ultra Wide Angle,UltraWideField,16,1.25,80,,9.0,?,22.3,FMC,?,5,26,2.7,3.05,47.5, $ 61.28 ,420,6.00
365 Astronomy,Lacerta,Planetary,3.2,1.25,58, ,16.0,?,,FMC,?,5,131,0.5,0.44,36.8, $ 47.47 ,420,6.00
365 Astronomy,Magellan Wide Angle,General Use,8,1.25,60,,9.0,13.0,8.4,FMC,?,?,53,1.3,1.77,29, $ 37.41 ,420,6.00
365 Astronomy,Magellan Wide Angle,General Use,12,1.25,60,,12.0,15.0,12.6,FMC,?,?,35,2.0,2.05,29, $ 37.41 ,420,6.00
365 Astronomy,Orthoscopic,Abbe orthoscopic,4.8,1.25,48,,4.2,?,4.0,FMC,?,4,88,0.8,0.55,39.6, $ 51.08 ,420,6.00
365 Astronomy,Orthoscopic,Abbe orthoscopic,10.5,1.25,48,,7.2,?,8.8,FMC,?,4,40,1.8,1.20,39.6, $ 51.08 ,420,6.00
Agena,Enhanced Wide Angle,Wide-Field,6,1.25,66,,14.8,?,6.9,FMC,Y,5,70,1.0,0.94,, $ 35.00 ,420,6.00
Agena,Enhanced Wide Angle,Wide-Field,9,1.25,66,,15.0,?,10.4,FMC,Y,6,47,1.5,1.41,, $ 35.00 ,420,6.00
Agena,Enhanced Wide Angle,Wide-Field,15,1.25,66,,13.0,?,17.3,FMC,Y,4,28,2.5,2.36,, $ 35.00 ,420,6.00
Agena,Enhanced Wide Angle,Wide-Field,20,1.25,66,,18.0,?,23.0,FMC,Y,5,21,3.3,3.14,, $ 35.00 ,420,6.00
Agena,Starguide Dual ED,General Use,3.2,1.25,60,,15.8,?,3.4,FMC,Y,5,131,0.5,0.46,, $ 60.00 ,420,6.00
Agena,Starguide Dual ED,General Use,5,1.25,60,,13.0,?,5.2,FMC,Y,5,84,0.8,0.71,, $ 60.00 ,420,6.00
Agena,Starguide Dual ED,General Use,8,1.25,60,,13.0,?,8.4,FMC,Y,5,53,1.3,1.14,, $ 60.00 ,420,6.00
Agena,Starguide Dual ED,General Use,12,1.25,60,,13.0,12.0,12.6,FMC,Y,6,35,2.0,1.64,, $ 60.00 ,420,6.00
Agena,Starguide Dual ED,General Use,15,1.25,60,,15.0,15.0,15.7,FMC,Y,6,28,2.5,2.05,, $ 60.00 ,420,6.00
Agena,Starguide Dual ED,General Use,18,1.25,60,,13.0,18.0,18.8,FMC,Y,5,23,3.0,2.46,, $ 60.00 ,420,6.00
Agena,Starguide Dual ED,General Use,25,1.25,60,,15.0,?,26.2,FMC,Y,5,17,4.2,3.57,, $ 60.00 ,420,6.00
Agena,Super Wide Angle SWA,Wide-Field,10,1.25,70,,10.0,12.4,12.2,FMC,Y,5,42,1.7,1.69,, $ 45.00 ,420,6.00
Agena,Super Wide Angle SWA,Wide-Field,15,1.25,70,,13.0,18.8,18.3,FMC,Y,5,28,2.5,2.56,, $ 45.00 ,420,6.00
Agena,Super Wide Angle SWA,Wide-Field,20,1.25,70,,16.0,25.0,24.4,FMC,Y,5,21,3.3,3.41,, $ 47.00 ,420,6.00
Agena,Super Wide Angle SWA,Wide-Field,26,2.00,70,,20.0,32.3,31.8,FMC,Y,5,16,4.3,4.41,, $ 85.00 ,420,6.00
Agena,Super Wide Angle SWA,Wide-Field,32,2.00,70,,24.0,40.0,39.1,FMC,Y,5,13,5.3,5.46,, $ 90.00 ,420,6.00
Agena,Super Wide Angle SWA,Wide-Field,38,2.00,70,,28.0,45.7,46.4,FMC,Y,5,11,6.3,6.23,, $ 95.00 ,420,6.00
Agena,Wide Angle,Wide-Field,8,1.25,60,,9.0,?,8.4,FMC,Y,4,53,1.3,1.14,, $ 31.00 ,420,6.00
Agena,Wide Angle,Wide-Field,12,1.25,60,,10.0,?,12.6,FMC,Y,4,35,2.0,1.71,, $ 31.00 ,420,6.00
Agena,Wide Angle,Wide-Field,17,1.25,65,,16.0,?,19.3,FMC,Y,4,25,2.8,2.63,, $ 33.00 ,420,6.00
Agena,Wide Angle,Wide-Field,20,1.25,65,,20.0,?,22.7,FMC,Y,4,21,3.3,3.10,, $ 33.00 ,420,6.00
Agena,Zoom,Zoom,7-21,1.25,30-43,,33-16,?, ,FC,?,?,N/A,N/A,N/A,, $ 45.00 ,420,6.00
Agena,Zoom,Zoom,8-24,1.25,40-60,,18-15,?, ,FMC,Y,?,N/A,N/A,N/A,, $ 60.00 ,420,6.00
Altair Astro (UK),Lightwave Hyperwide Premium,HyperWideField,20,2.00,100,,14.5,?,34.9,FMC,Y,9,21,3.3,4.76,299.99, $ 389.99 ,420,6.00
Altair Astro (UK),Lightwave LER,General Use,3,1.25,55,,20.0,?,2.9,FMC,Y,7,140,0.5,0.39,55, $ 71.50 ,420,6.00
Altair Astro (UK),Lightwave LER,General Use,5,1.25,55,,20.0,?,4.8,FMC,Y,7,84,0.8,0.65,55, $ 71.50 ,420,6.00
Altair Astro (UK),Lightwave LER,General Use,6,1.25,55,,20.0,?,5.8,FMC,Y,7,70,1.0,0.79,55, $ 71.50 ,420,6.00
Altair Astro (UK),Lightwave LER,General Use,9,1.25,55,,20.0,?,8.6,FMC,Y,7,47,1.5,1.18,55, $ 71.50 ,420,6.00
Altair Astro (UK),Lightwave LER,General Use,12.5,1.25,55,,20.0,?,12.0,FMC,Y,7,34,2.1,1.64,55, $ 71.50 ,420,6.00
Altair Astro (UK),Lightwave LER Premium,Wide-Field,7,1.25,68,,20.0,?,8.3,FMC,Y,8,60,1.2,1.13,149, $ 193.70 ,420,6.00
Altair Astro (UK),Lightwave LER Premium,Wide-Field,9,1.25,68,,20.0,?,10.7,FMC,Y,8,47,1.5,1.46,149, $ 193.70 ,420,6.00
Altair Astro (UK),Lightwave LER Premium,Wide-Field,12,1.25,68,,20.0,?,14.2,FMC,Y,8,35,2.0,1.94,149, $ 193.70 ,420,6.00
Altair Astro (UK),Lightwave LER Premium,Wide-Field,14.5,1.25,68,,20.0,?,17.2,FMC,Y,8,29,2.4,2.35,149, $ 193.70 ,420,6.00
Altair Astro (UK),Lightwave LER Premium,Wide-Field,18,1.25,68,,20.0,?,21.4,FMC,Y,8,23,3.0,2.91,149, $ 193.70 ,420,6.00
Altair Astro (UK),Lightwave Zoom Premium,Zoom,8-24,1.25,40-60,,18.0,?, ,FMC,Y,9,N/A,N/A,N/A,149, $ 193.70 ,420,6.00
Altair Astro (UK),UltraFlat,Wide-Field,10,1.25,60,80,16.0,14.7,10.5,FMC,Y,5,42,1.7,2.01,65, $ 84.50 ,420,6.00
Altair Astro (UK),UltraFlat,Wide-Field,15,1.25,60,136,16.0,19.6,15.7,FMC,Y,8,28,2.5,2.67,89, $ 115.70 ,420,6.00
Altair Astro (UK),UltraFlat,Wide-Field,18,1.25,65,206,20.0,23.4,20.4,FMC,Y,8,23,3.0,3.19,99, $ 128.70 ,420,6.00
Altair Astro (UK),UltraFlat,Wide-Field,24,1.25,65,331,29.0,27.3,27.2,FMC,Y,8,18,4.0,3.72,135, $ 175.50 ,420,6.00
Altair Astro (UK),UltraFlat,Wide-Field,30,2.00,70,671,22.0,38.0,36.7,FMC,Y,9,14,5.0,5.18,169, $ 219.70 ,420,6.00
Andrews (AUS),ED ,Planetary,18,1.25,55,,20.0,?,17.3,FMC,Y,6,23,3.0,2.36,69, $ 46.23 ,420,6.00
Andrews (AUS),ED ,Planetary,21,1.25,55,,20.0,?,20.2,FMC,Y,6,20,3.5,2.75,69, $ 46.23 ,420,6.00
Andrews (AUS),ED ,Planetary,25,1.25,55,,20.0,?,24.0,FMC,Y,6,17,4.2,3.27,69, $ 46.23 ,420,6.00
Andrews (AUS),Series 500,Plossl,10,1.25,50,,7.0,?,8.7,?,?,4,42,1.7,1.19,19, $ 12.73 ,420,6.00
Andrews (AUS),Series 500,Plossl,15,1.25,50,,10.5,?,13.1,?,?,4,28,2.5,1.79,19, $ 12.73 ,420,6.00
Angeleyes,"private label, various Chinese clones",,,,,,,?,,,,?,N/A,N/A,N/A,,,420,6.00
Antares,Plossl,plossl,6,1.25,50,,4.2,5.0,5.2,FMC,Y,4,70,1.0,0.68,, $ 39.99 ,420,6.00
Antares,Plossl,plossl,7.5,1.25,52,,5.3,5.8,6.8,FMC,Y,4,56,1.3,0.79,, $ 30.00 ,420,6.00
Antares,Plossl,plossl,10,1.25,52,,7.0,8.0,9.1,FMC,Y,4,42,1.7,1.09,, $ 30.00 ,420,6.00
Antares,Plossl,plossl,12.5,1.25,52,,8.8,10.2,11.3,FMC,Y,4,34,2.1,1.39,, $ 30.00 ,420,6.00
Antares,Plossl,plossl,17,1.25,52,,11.9,17.1,15.4,FMC,Y,4,25,2.8,2.33,, $ 30.00 ,420,6.00
Antares,Plossl,plossl,20,1.25,52,,14.0,17.4,18.2,FMC,Y,4,21,3.3,2.37,22.99, $ 30.12 ,420,6.00
Antares,Plossl,plossl,25,1.25,52,,17.5,24.1,22.7,FMC,Y,4,17,4.2,3.29,, $ 36.00 ,420,6.00
Antares,Plossl,plossl,32,1.25,50,,22.4,27.0,27.9,FMC,Y,4,13,5.3,3.68,, $ 36.00 ,420,6.00
Antares,Plossl,plossl,40,1.25,40,,28.0,27.0,27.9,FMC,Y,4,11,6.7,3.68,36.99, $ 48.46 ,420,6.00
Antares,SWA (Speers Waler 3),UltraWideField,9.5,1.25,80,,11.3,?,13.3,FMC,Y,8,44,1.6,1.81,, $ 140.00 ,420,6.00
Antares,SWA (Speers Waler 3),UltraWideField,13,1.25,80,,14.6,?,18.2,FMC,Y,8,32,2.2,2.48,, $ 140.00 ,420,6.00
Antares,SWA (Speers Waler 3),UltraWideField,17,1.25,80,,9.0,?,23.7,FMC,Y,7,25,2.8,3.24,, $ 140.00 ,420,6.00
Antares,SWA (Speers Waler 4),UltraWideField,6.1,1.25,86,,12.0,?,9.2,FMC,Y,8,69,1.0,1.25,, $ 200.00 ,420,6.00
Antares,SWA (Speers Waler 4),UltraWideField,9.1,1.25,86,,10.0,?,13.7,FMC,Y,8,46,1.5,1.86,, $ 200.00 ,420,6.00
Antares,SWA (Speers Waler 4),UltraWideField,14,1.25,86,,10.0,?,21.0,FMC,Y,8,30,2.3,2.87,, $ 200.00 ,420,6.00
Antares,SWA (Speers Waler 4),UltraWideField,25,2.00,76,,10.0,?,33.2,FMC,Y,8,17,4.2,4.52,269.99, $ 202.49 ,420,6.00
Antares,SWA (Speers Waler II),UltraWideField,9.4,1.25,80,,12.0,?,13.1,FMC,Y,8,45,1.6,1.79,, $ 90.00 ,420,6.00
Antares,SWA (Speers Waler II),UltraWideField,13.4,1.25,80,,10.0,?,18.7,FMC,Y,8,31,2.2,2.55,, $ 90.00 ,420,6.00
Antares,SWA (Speers Waler II),UltraWideField,17,1.25,80,,9.0,?,23.7,FMC,Y,8,25,2.8,3.24,134.99, $ 176.84 ,420,6.00
Antares,SWA (Speers Waler II),UltraWideField,31.5,2.00,90,,10.0,?,49.5,FMC,Y,6,13,5.3,6.75,154.99, $ 116.24 ,420,6.00
Antares,W70,Wide-Field,4.3,1.25,66,,12.0,?,5.0,FMC,Y,6,98,0.7,0.68,, $ 55.00 ,420,6.00
Antares,W70,Wide-Field,6,1.25,70,,12.0,?,7.3,FMC,Y,6,70,1.0,1.00,, $ 55.00 ,420,6.00
Antares,W70,Wide-Field,7,1.25,68,,12.0,?,8.3,FMC,Y,6,60,1.2,1.13,, $ 55.00 ,420,6.00
Antares,W70,Wide-Field,9.7,1.25,70,,15.0,?,11.9,FMC,Y,8,43,1.6,1.62,, $ 55.00 ,420,6.00
Antares,W70,Wide-Field,10,1.25,70,,11.0,?,12.2,FMC,Y,6,42,1.7,1.67,, $ 55.00 ,420,6.00
Antares,W70,Wide-Field,14,1.25,69,,15.0,?,16.9,FMC,Y,8,30,2.3,2.30,, $ 55.00 ,420,6.00
Antares,W70,Wide-Field,15,1.25,70,,10.0,?,18.3,FMC,Y,4,28,2.5,2.50,, $ 35.00 ,420,6.00
Antares,W70,Wide-Field,19,1.25,66,,16.0,?,21.9,FMC,Y,8,22,3.2,2.99,, $ 55.00 ,420,6.00
Antares,W70,Wide-Field,25,1.25,65,,11.0,?,28.4,FMC,Y,8,17,4.2,3.87,, $ 35.00 ,420,6.00
Antares,W70,Wide-Field,32,2.00,71,,14.0,?,39.7,FMC,Y,7,13,5.3,5.41,109.99, $ 82.49 ,420,6.00
Antares,XWA HDC,HyperWideField,20,2.00,100,,15.0,?,34.9,FMC,Y,9,21,3.3,4.76,, $ 369.00 ,420,6.00
Apertura,Plossl,Plossl,4,1.25,52,,2.9,?,,FMC,?,4,105,0.7,0.50,, $ 29.95 ,420,6.00
Apertura,Plossl,Plossl,6,1.25,52,,4.3,?,,FMC,?,4,70,1.0,0.74,, $ 29.95 ,420,6.00
Apertura,Plossl,Plossl,9,1.25,52,,6.5,?,,FMC,?,4,47,1.5,1.11,, $ 29.95 ,420,6.00
Apertura,Plossl,Plossl,15,1.25,52,,10.8,?,,FMC,?,4,28,2.5,1.86,, $ 29.95 ,420,6.00
Apertura,Plossl,Plossl,20,1.25,52,,14.4,?,,FMC,?,4,21,3.3,2.48,, $ 29.95 ,420,6.00
Apertura,Plossl,Plossl,25,1.25,52,,18.0,?,,FMC,?,4,17,4.2,3.10,, $ 29.95 ,420,6.00
Apertura,Plossl,Plossl,32,1.25,52,,23.0,?,,FMC,?,4,13,5.3,3.96,, $ 42.95 ,420,6.00
Apertura,Plossl,Plossl,40,1.25,52,,28.8,?,,FMC,?,4,11,6.7,4.95,, $ 34.95 ,420,6.00
Apertura,Super Wide Angle,Wide-Field,10,1.25,70,,10.0,?,,FMC,Y,5,42,1.7,1.67,, $ 59.95 ,420,6.00
Apertura,Super Wide Angle,Wide-Field,15,1.25,70,,13.0,?,,FMC,Y,5,28,2.5,2.50,, $ 59.95 ,420,6.00
Apertura,Super Wide Angle,Wide-Field,20,1.25,70,,16.0,?,,FMC,Y,5,21,3.3,3.33,, $ 69.95 ,420,6.00
Apertura,Super Wide Angle,Wide-Field,26,2.00,70,,20.0,?,,FMC,Y,5,16,4.3,4.33,, $ 99.95 ,420,6.00
Apertura,Super Wide Angle,Wide-Field,32,2.00,70,,24.0,?,,FMC,Y,5,13,5.3,5.33,, $ 109.95 ,420,6.00
Apertura,Super Wide Angle,Wide-Field,38,2.00,70,,28.0,?,,FMC,Y,5,11,6.3,6.33,, $ 109.95 ,420,6.00
Apertura,Zoom,Zoom,9-27,1.25,40-60,250,18.0,?,,FMC,?,7,N/A,N/A,N/A,, $ 149.95 ,420,6.00
APM,FF,General Use,19,1.25,60,100,17.0,?,19.9,FMC,Y,5,22,3.2,2.71,88, $ 106.48 ,420,6.00
APM,SR Zoom,Zoom,7.5-22.5,1.25,44-68,300,18-20,?,,FMC,Y,8,N/A,N/A,N/A,170, $ 205.70 ,420,6.00
APM,Super Zoom,Zoom,7.7-15.4,1.25,75,,20.0,?,,FMC,?,?,N/A,N/A,N/A,295, $ 356.95 ,420,6.00
APM,Ultra Flat Field,Wide-Field,10,1.25,60,80,16.0,14.7,10.5,FMC,Y,5,42,1.7,2.01, , $ 149.99 ,420,6.00
APM,Ultra Flat Field,Wide-Field,15,1.25,65,136,16.0,19.6,17.0,FMC,Y,8,28,2.5,2.67, , $ 159.99 ,420,6.00
APM,Ultra Flat Field,Wide-Field,18,1.25,65,206,20.0,23.4,20.4,FMC,Y,8,23,3.0,3.19, , $ 159.99 ,420,6.00
APM,Ultra Flat Field,Wide-Field,24,1.25,65,331,29.0,27.3,27.2,FMC,Y,8,18,4.0,3.72, , $ 229.99 ,420,6.00
APM,Ultra Flat Field,Wide-Field,30,2.00,70,556,22.0,38.0,36.7,FMC,Y,9,14,5.0,5.18, , $ 279.99 ,420,6.00
APM,Ultrawide ,UltraWideField,12.5,1.25,84,545,23.0,19.6,18.3,FMC,Y,9,34,2.1,2.67, , $ 359.99 ,420,6.00
APM,UW ,UltraWideField,30,2.00,80,550,22.0,?,41.9,FMC,Y,5,14,5.0,5.71,98, $ 118.58 ,420,6.00
APM,XWA HDC,Hyperwide field,3.5,1.25/2.00,110,525,15.0,?,6.7,FMC,Y,8,120,0.6,0.92,, $ 299.99 ,420,6.00
APM,XWA HDC,Hyperwide field,4.77,1.25/2.00,110,492,15.0,?,9.2,FMC,Y,8,88,0.8,1.25,, $ 299.99 ,420,6.00
APM,XWA HDC,Hyperwide field,7,1.25/2.00,100,,13.0,?,12.2,FMC,Y,9,60,1.2,1.67,, $ 299.99 ,420,6.00
APM,XWA HDC,Hyperwide field,9,1.25/2.00,100,468,13.0,?,15.7,FMC,Y,9,47,1.5,2.14,, $ 299.99 ,420,6.00
APM,XWA HDC,Hyperwide field,13,1.25/2.00,100,461,15.0,?,22.7,FMC,Y,9,32,2.2,3.10,, $ 299.99 ,420,6.00
APM,XWA HDC,Hyperwide field,20,2.00,100,678,15.0,?,34.9,FMC,Y,9,21,3.3,4.76,, $ 329.99 ,420,6.00
AQUILA,"private label, various Chinese clones, eBay",,,,,,,?,,,,,N/A,N/A,N/A,, $ 209.99 ,420,6.00
Arcturus,Ebony,Wide-Field,3.5,1.25/2.00,70,,17.0,?,4.3,FMC,Y,8,120,0.6,0.58,, $ 119.00 ,420,6.00
Arcturus,Ebony,Wide-Field,5,1.25/2.00,70,,17.0,?,6.1,FMC,Y,8,84,0.8,0.83,, $ 119.00 ,420,6.00
Arcturus,Ebony,Wide-Field,8,1.25/2.00,70,,17.0,?,9.8,FMC,Y,8,53,1.3,1.33,, $ 119.00 ,420,6.00
Arcturus,Ebony,Wide-Field,13,1.25/2.00,70,,17.0,?,15.9,FMC,Y,8,32,2.2,2.17,, $ 119.00 ,420,6.00
Arcturus,Ebony,Wide-Field,17,1.25/2.00,70,,17.0,?,20.8,FMC,Y,8,25,2.8,2.83,, $ 119.00 ,420,6.00
Arcturus,Ebony,Wide-Field,22,2.00,70,,17.0,?,26.9,FMC,Y,6,19,3.7,3.67,, $ 119.00 ,420,6.00
Arcturus,Ebony,Wide-Field,32,2.00,70,,17.0,?,39.1,FMC,Y,6,13,5.3,5.33,, $ 119.00 ,420,6.00
Arcturus,Plossl,Plossl,10,1.25,50,,7.0,?,8.7,?,?,4,42,1.7,1.19,, $ 29.99 ,420,6.00
Arcturus,Plossl,Plossl,32,1.25,50,,22.4,?,27.9,?,?,4,13,5.3,3.81,, $ 29.99 ,420,6.00
Artesky,Aspherical Zoom,Zoom,8-24,1.25/2.00,43-66,,15-20,?,,FMC,?,,N/A,N/A,N/A,, $ 209.99 ,420,6.00
Artesky,EWA,HyperWide Field,5,1.25,100,285,16.0,,,FMC,Y,6,84,0.8,0.00,, $ 267.00 ,420,6.00
Artesky,Planetary SW,Planetary,3.2,1.25,60,,16.0,?,3.4,FC,?,5,131,0.5,0.46,, $ 84.00 ,420,6.00
Artesky,Planetary SW,Planetary,4,1.25,60,,16.0,?,4.2,FC,?,5,105,0.7,0.57,, $ 84.00 ,420,6.00
Artesky,Planetary SW,Planetary,5,1.25,60,,16.0,?,5.2,FC,?,5,84,0.8,0.71,, $ 84.00 ,420,6.00
Artesky,Planetary SW,Planetary,6,1.25,60,,16.0,?,6.3,FC,?,5,70,1.0,0.86,, $ 84.00 ,420,6.00
Artesky,Planetary SW,Planetary,7,1.25,60,,16.0,?,7.3,FC,?,5,60,1.2,1.00,, $ 84.00 ,420,6.00
Artesky,Planetary SW,Planetary,8,1.25,60,,16.0,?,8.4,FC,?,5,53,1.3,1.14,, $ 84.00 ,420,6.00
Artesky,Planetary SW,Planetary,9,1.25,60,,16.0,?,9.4,FC,?,5,47,1.5,1.29,, $ 84.00 ,420,6.00
Artesky,Super ED,General Use,3.2,1.25,60,,15.8,?,3.4,FMC,Y,5,131,0.5,0.46,, $ 96.00 ,420,6.00
Artesky,Super ED,General Use,5,1.25,60,,13.0,?,5.2,FMC,Y,5,84,0.8,0.71,, $ 96.00 ,420,6.00
Artesky,Super ED,General Use,8,1.25,60,,13.0,?,8.4,FMC,Y,5,53,1.3,1.14,, $ 96.00 ,420,6.00
Artesky,Super ED,General Use,12,1.25,60,,13.0,12.0,12.6,FMC,Y,6,35,2.0,1.64,, $ 96.00 ,420,6.00
Artesky,Super ED,General Use,15,1.25,60,,15.0,15.0,15.7,FMC,Y,6,28,2.5,2.05,, $ 96.00 ,420,6.00
Artesky,Super ED,General Use,18,1.25,60,,13.0,18.0,18.8,FMC,Y,5,23,3.0,2.46,, $ 96.00 ,420,6.00
Artesky,Super ED,General Use,25,1.25,60,,15.0,?,26.2,FMC,Y,5,17,4.2,3.57,, $ 96.00 ,420,6.00
Artesky,SWA,Wide-Field,10,1.25,70,,10.0,12.4,12.2,FMC,Y,5,42,1.7,1.69,, $ 84.00 ,420,6.00
Artesky,SWA,Wide-Field,15,1.25,70,,13.0,18.8,18.3,FMC,Y,5,28,2.5,2.56,, $ 84.00 ,420,6.00
Artesky,SWA,Wide-Field,20,1.25,70,,16.0,25.0,24.4,FMC,Y,5,21,3.3,3.41,, $ 84.00 ,420,6.00
Astro Professional,Long Eye Relief,LER,18,1.25,55,,20,?,17.3,FMC,Y,5,23,3.0,2.36,66.39, $ 76.35 ,420,6.00
Astro Tech,Hi-Grade Plossl,Plossl,4,1.25,55,,2.8,?,3.8,FMC,Y,4,105,0.7,0.52,, $ 29.95 ,420,6.00
Astro Tech,Hi-Grade Plossl,Plossl,6,1.25,55,,4.2,?,5.8,FMC,Y,4,70,1.0,0.79,, $ 29.95 ,420,6.00
Astro Tech,Paradigm Dual ED,General Use,3.2,1.25,60,,13.0,?,3.4,FMC,Y,5,131,0.5,0.46,, $ 60.00 ,420,6.00
Astro Tech,Paradigm Dual ED,General Use,5,1.25,60,,13.0,?,5.2,FMC,Y,5,84,0.8,0.71,, $ 60.00 ,420,6.00
Astro Tech,Paradigm Dual ED,General Use,8,1.25,60,,13.0,?,8.4,FMC,Y,5,53,1.3,1.14,, $ 60.00 ,420,6.00
Astro Tech,Paradigm Dual ED,General Use,12,1.25,60,,13.0,12.0,12.6,FMC,Y,6,35,2.0,1.64,, $ 60.00 ,420,6.00
Astro Tech,Paradigm Dual ED,General Use,15,1.25,60,,15.0,15.0,15.7,FMC,Y,6,28,2.5,2.05,, $ 60.00 ,420,6.00
Astro Tech,Paradigm Dual ED,General Use,18,1.25,60,,13.0,18.0,18.8,FMC,Y,5,23,3.0,2.46,, $ 60.00 ,420,6.00
Astro Tech,Paradigm Dual ED,General Use,25,1.25,60,,15.0,?,26.2,FMC,Y,5,17,4.2,3.57,, $ 60.00 ,420,6.00
Astro Tech,Value Line Plossl,Plossl,4,1.25,52,,2.8,?,3.6,FMC,Y,4,105,0.7,0.50,, $ 22.95 ,420,6.00
Astro Tech,Value Line Plossl,Plossl,6,1.25,52,,4.2,?,5.4,FMC,Y,4,70,1.0,0.74,, $ 22.95 ,420,6.00
Astro Tech,Value Line Plossl,Plossl,9,1.25,52,,6.3,?,8.2,FMC,Y,4,47,1.5,1.11,, $ 22.95 ,420,6.00
Astro Tech,Value Line Plossl,Plossl,12,1.25,52,,8.4,?,10.9,FMC,Y,4,35,2.0,1.49,, $ 22.95 ,420,6.00
Astro Tech,Value Line Plossl,Plossl,15,1.25,52,,10.5,?,13.6,FMC,Y,4,28,2.5,1.86,, $ 22.95 ,420,6.00
Astro Tech,Value Line Plossl,Plossl,20,1.25,52,,14.0,?,18.2,FMC,Y,4,21,3.3,2.48,, $ 22.95 ,420,6.00
Astro Tech,Value Line Plossl,Plossl,25,1.25,52,,17.5,?,22.7,FMC,Y,4,17,4.2,3.10,, $ 22.95 ,420,6.00
Astro Tech,Value Line Plossl,Plossl,32,1.25,50,,22.4,?,27.9,FMC,Y,4,13,5.3,3.81,, $ 32.95 ,420,6.00
Astro Tech,Value Line Plossl,Plossl,40,1.25,40,,28.0,?,27.9,FMC,Y,4,11,6.7,3.81,, $ 32.95 ,420,6.00
Astromania,Kellner,Kellner,26,2.00,55,,?,?,25.0,FMC,?,3,16,4.3,3.40,, $ 35.00 ,420,6.00
Astromania,Kellner,Kellner,32,2.00,55,,?,?,30.7,FMC,?,3,13,5.3,4.19,, $ 44.25 ,420,6.00
Astromania,Kellner,Kellner,40,2.00,55,,?,?,38.4,FMC,?,3,11,6.7,5.24,, $ 56.00 ,420,6.00
Astromania,Planetary,General Use,2.5,1.25,58,,16.0,?,2.5,FC,?,5,168,0.4,0.35,, $ 36.40 ,420,6.00
Astromania,Planetary,General Use,3.2,1.25,58,,16.0,?,3.2,FC,?,5,131,0.5,0.44,, $ 38.99 ,420,6.00
Astromania,Planetary,General Use,4,1.25,58,,16.0,?,4.0,FC,?,5,105,0.7,0.55,, $ 38.99 ,420,6.00
Astromania,Planetary,General Use,4.5,1.25,58,,16.0,?,4.6,FC,?,5,93,0.8,0.62,, $ 39.99 ,420,6.00
Astromania,Planetary,General Use,5,1.25,58,,16.0,?,5.1,FC,?,5,84,0.8,0.69,, $ 36.40 ,420,6.00
Astromania,Planetary,General Use,6,1.25,58,,16.0,?,6.1,FC,?,5,70,1.0,0.83,, $ 36.40 ,420,6.00
Astromania,Planetary,General Use,7,1.25,58,,16.0,?,7.1,FC,?,5,60,1.2,0.97,, $ 36.98 ,420,6.00
Astromania,Planetary,General Use,7.5,1.25,58,,16.0,?,7.6,FC,?,5,56,1.3,1.04,, $ 36.40 ,420,6.00
Astromania,Planetary,General Use,8,1.25,58,,16.0,?,8.1,FC,?,5,53,1.3,1.10,, $ 34.80 ,420,6.00
Astromania,Planetary,General Use,9,1.25,58,,16.0,?,9.1,FC,?,5,47,1.5,1.24,, $ 36.40 ,420,6.00
Astromania,Planetary,General Use,15,1.25,58,,16.0,?,15.2,FC,?,5,28,2.5,2.07,, $ 44.00 ,420,6.00
Astromania,Planetary,General Use,20,1.25,58,,16.0,?,20.2,FC,?,5,21,3.3,2.76,, $ 44.00 ,420,6.00
Astromania,Planetary,General Use,25,1.25,58,,16.0,?,25.3,FC,?,5,17,4.2,3.45,, $ 44.00 ,420,6.00
Astromania,Plossl,Plossl,4,1.25,50,,2.8,?,3.5,?,?,4,105,0.7,0.48,, $ 12.99 ,420,6.00
Astromania,Plossl,Plossl,6,1.25,50,,4.2,?,5.2,?,?,4,70,1.0,0.71,, $ 12.99 ,420,6.00
Astromania,Plossl,Plossl,8,1.25,50,,5.6,?,7.0,?,?,4,53,1.3,0.95,, $ 13.99 ,420,6.00
Astromania,Plossl,Plossl,10,1.25,50,,7.0,?,8.7,?,?,4,42,1.7,1.19,, $ 18.99 ,420,6.00
Astromania,Plossl,Plossl,12.5,1.25,50,,8.8,?,10.9,?,?,4,34,2.1,1.49,, $ 14.99 ,420,6.00
Astromania,Plossl,Plossl,13,1.25,50,,9.1,?,11.3,?,?,4,32,2.2,1.55,, $ 14.96 ,420,6.00
Astromania,Plossl,Plossl,15,1.25,50,,10.5,?,13.1,?,?,4,28,2.5,1.79,, $ 20.99 ,420,6.00
Astromania,Plossl,Plossl,17,1.25,50,,11.9,?,14.8,?,?,4,25,2.8,2.02,, $ 16.99 ,420,6.00
Astromania,Plossl,Plossl,20,1.25,50,,14.0,?,17.5,?,?,4,21,3.3,2.38,, $ 16.99 ,420,6.00
Astromania,Plossl,Plossl,25,1.25,50,,17.5,?,21.8,?,?,4,17,4.2,2.98,, $ 19.99 ,420,6.00
Astromania,Plossl,Plossl,32,1.25,50,,22.4,?,27.9,?,?,4,13,5.3,3.81,, $ 25.99 ,420,6.00
Astromania,Plossl,Plossl,40,1.25,50,,28.0,?,34.9,?,?,4,11,6.7,4.76,, $ 24.00 ,420,6.00
Astromania,Plossl,Plossl,56,2.00,50,,39.2,?,48.9,?,?,4,8,9.3,6.67,, $ 51.99 ,420,6.00
Astromania,Premium Flatfield,General Use,8,1.25,60,,9.5,9.6,8.4,FMC,?,7,53,1.3,1.31,, $ 50.40 ,420,6.00
Astromania,Premium Flatfield,General Use,16,1.25,60,,19.0,16.5,16.8,FMC,?,6,26,2.7,2.25,, $ 52.99 ,420,6.00
Astromania,Premium Flatfield,General Use,19,1.25,65,,18.5,21.2,21.6,FMC,?,5,22,3.2,2.89,, $ 50.39 ,420,6.00
Astromania,Premium Flatfield,General Use,27,1.25,53,,23.0,24.4,25.0,FMC,?,5,16,4.5,3.33,, $ 50.39 ,420,6.00
Astromania,Super Plossl,Plossl,4,1.25,50,,2.8,?,3.5,?,?,4,105,0.7,0.48,, $ 24.00 ,420,6.00
Astromania,Super Plossl,Plossl,6.3,1.25,50,,4.4,?,5.5,?,?,4,67,1.1,0.75,, $ 29.99 ,420,6.00
Astromania,Super Plossl,Plossl,7.5,1.25,50,,5.3,?,6.5,?,?,4,56,1.3,0.89,, $ 32.99 ,420,6.00
Astromania,Super Plossl,Plossl,10,1.25,50,,7.0,?,8.7,?,?,4,42,1.7,1.19,, $ 33.99 ,420,6.00
Astromania,Super Plossl,Plossl,12.5,1.25,50,,8.8,?,10.9,?,?,4,34,2.1,1.49,, $ 31.85 ,420,6.00
Astromania,Super Plossl,Plossl,15,1.25,50,,10.5,?,13.1,?,?,4,28,2.5,1.79,, $ 31.85 ,420,6.00
Astromania,Super Plossl,Plossl,17,1.25,50,,11.9,?,14.8,?,?,4,25,2.8,2.02,, $ 34.99 ,420,6.00
Astromania,Super Plossl,Plossl,20,1.25,50,,14.0,?,17.5,?,?,4,21,3.3,2.38,, $ 40.99 ,420,6.00
Astromania,Super Plossl,Plossl,26,1.25,50,,18.2,?,22.7,?,?,4,16,4.3,3.10,, $ 31.85 ,420,6.00
Astromania,Super Plossl,Plossl,32,1.25,50,,22.4,?,27.9,?,?,4,13,5.3,3.81,, $ 39.20 ,420,6.00
Astromania,Super Plossl,Plossl,40,1.25,40,,28.0,?,27.9,?,?,4,11,6.7,3.81,, $ 46.99 ,420,6.00
Astromania,Super Plossl,Plossl,56,2.00,50,,39.2,?,48.9,?,?,4,8,9.3,6.67,, $ 61.99 ,420,6.00
Astromania,SWA,UltraWideField,7,1.25,82,,?,?,10.0,?,?,?,60,1.2,1.37,, $ 104.39 ,420,6.00
Astromania,SWA,UltraWideField,10,1.25,82,,?,?,14.3,?,?,?,42,1.7,1.95,, $ 104.39 ,420,6.00
Astromania,SWA,UltraWideField,15,1.25,82,,?,?,21.5,?,?,?,28,2.5,2.93,, $ 104.39 ,420,6.00
Astromania,SWA,UltraWideField,19,2.00,82,,?,?,27.2,?,?,?,22,3.2,3.71,, $ 133.19 ,420,6.00
Astromania,SWA,UltraWideField,23,2.00,82,,?,?,32.9,?,?,?,18,3.8,4.49,, $ 172.79 ,420,6.00
Astromania,SWA,UltraWideField,32,2.00,82,,?,?,45.8,?,?,?,13,5.3,6.25,, $ 182.69 ,420,6.00
Astromania,SWA,Wide-Field,3.5,1.25/2.00,70,,20.0,?,4.3,FMC,?,8,120,0.6,0.58,, $ 118.99 ,420,6.00
Astromania,SWA,Wide-Field,5,1.25/2.00,70,,20.0,?,6.1,FMC,?,8,84,0.8,0.83,, $ 118.99 ,420,6.00
Astromania,SWA,Wide-Field,8,1.25/2.00,70,,20.0,?,9.8,FMC,?,8,53,1.3,1.33,, $ 113.40 ,420,6.00
Astromania,SWA,Wide-Field,13,1.25/2.00,70,,20.0,?,15.9,FMC,?,8,32,2.2,2.17,, $ 113.40 ,420,6.00
Astromania,SWA,Wide-Field,17,1.25/2.00,70,,20.0,?,20.8,FMC,?,8,25,2.8,2.83,, $ 113.40 ,420,6.00
Astromania,SWA,Wide-Field,22,2.00,70,,20.0,?,26.9,FMC,?,8,19,3.7,3.67,, $ 113.40 ,420,6.00
Astromania,SWA,Wide-Field,32,2.00,70,,20.0,40.0,39.1,FMC,?,8,13,5.3,5.46,, $ 113.40 ,420,6.00
Astromania,UltraWide 80,UltraWideField,11,1.25,80,,16.0,?,15.4,FMC,?,?,38,1.8,2.10,, $ 36.99 ,420,6.00
Astromania,UltraWide 80,UltraWideField,15,2.00,80,,16.0,?,20.9,FMC,?,?,28,2.5,2.86,, $ 66.40 ,420,6.00
Astromania,UltraWide 80,UltraWideField,16,1.25,80,,16.0,?,22.3,FMC,?,?,26,2.7,3.05,, $ 39.20 ,420,6.00
Astromania,UltraWide 80,UltraWideField,20,2.00,80,,16.0,?,27.9,FMC,?,?,21,3.3,3.81,, $ 86.40 ,420,6.00
Astromania,UltraWide 80,UltraWideField,30,2.00,80,,16.0,?,41.9,FMC,?,?,14,5.0,5.71,, $ 90.90 ,420,6.00
Astromania,UWA,Wide-Field,6,1.25,66,,14.8,?,6.9,MC,?,5,70,1.0,0.94,, $ 38.35 ,420,6.00
Astromania,UWA,Wide-Field,9,1.25,66,,15.0,?,10.4,MC,?,6,47,1.5,1.41,, $ 39.75 ,420,6.00
Astromania,UWA,Wide-Field,15,1.25,66,,13.0,?,17.3,MC,?,4,28,2.5,2.36,, $ 39.75 ,420,6.00
Astromania,UWA,Wide-Field,20,1.25,66,,18.0,?,23.0,MC,?,4,21,3.3,3.14,, $ 48.75 ,420,6.00
Astromania,Zoom,Zoom,7-21,1.25,30-43,,33-16,?, ,FC,?,4,N/A,N/A,N/A,, $ 47.99 ,420,6.00
Astromania,Zoom,Zoom,8-24,1.25,?,,,?, ,FC,?,?,N/A,N/A,N/A,, $ 50.46 ,420,6.00
ATC (Czech),Erfle,Erfle,11,1.25,60,,?,9.3,11.5,?,?,4,38,1.8,1.27," $ 4,740.00 ", $ 183.91 ,420,6.00
ATC (Czech),Erfle,Erfle,13,1.25,59,,?,?,13.4,?,?,4,32,2.2,1.83," $ 2,950.00 ", $ 114.46 ,420,6.00
ATC (Czech),Erfle,Erfle,13,1.25,60,,?,?,13.6,?,?,4,32,2.2,1.86," $ 4,740.00 ", $ 183.91 ,420,6.00
ATC (Czech),Erfle,Erfle,16,1.25,60,,?,?,16.8,?,?,4,26,2.7,2.29," $ 4,740.00 ", $ 183.91 ,420,6.00
ATC (Czech),Erfle,Erfle,90,4.25,60,,?,104.0,94.2,?,?,?,5,15.0,14.19,, $ -   ,420,6.00
ATC (Czech),Kellner,Kellner,20,1.25,50,,?,?,17.5,?,?,3,21,3.3,2.38," $ 1,860.00 ", $ 72.17 ,420,6.00
ATC (Czech),Kellner,Kellner,32,1.25,46,105,?,27.2,25.7,?,?,3,13,5.3,3.71," $ 3,980.00 ", $ 154.42 ,420,6.00
ATC (Czech),Kellner,Kellner,40,1.25,38,,?,27.2,26.5,?,?,3,11,6.7,3.71," $ 3,980.00 ", $ 154.42 ,420,6.00
ATC (Czech),Kellner,Kellner,60,1.25,26,,?,27.2,27.2,?,?,3,7,10.0,3.71," $ 6,290.00 ", $ 244.05 ,420,6.00
ATC (Czech),Kellner,Kellner,60,2.00,38,,?,39.5,39.8,?,?,3,7,10.0,5.39," $ 11,920.00 ", $ 462.50 ,420,6.00
ATC (Czech),N,Wide-Field,3,1.25,68,,?,?,3.6,?,?,6,140,0.5,0.49," $ 4,870.00 ", $ 188.96 ,420,6.00
ATC (Czech),N,Wide-Field,4,1.25,68,,?,?,4.7,?,?,6,105,0.7,0.65," $ 4,870.00 ", $ 188.96 ,420,6.00
ATC (Czech),N,Wide-Field,5.5,1.25,68,,?,?,6.5,?,?,6,76,0.9,0.89," $ 4,870.00 ", $ 188.96 ,420,6.00
ATC (Czech),N,Wide-Field,7,1.25,68,,?,?,8.3,?,?,6,60,1.2,1.13," $ 4,870.00 ", $ 188.96 ,420,6.00
ATC (Czech),N,Wide-Field,8,1.25,68,,?,?,9.5,?,?,6,53,1.3,1.30," $ 4,870.00 ", $ 188.96 ,420,6.00
ATC (Czech),N,Wide-Field,10,1.25,64,,?,?,11.2,?,?,6,42,1.7,1.52," $ 4,870.00 ", $ 188.96 ,420,6.00
ATC (Czech),Plossl,Plossl,20,1.25,60,,?,?,20.9,?,?,4,21,3.3,2.86," $ 4,740.00 ", $ 183.91 ,420,6.00
ATC (Czech),Plossl,Plossl,26,1.25,60,105,?,27.2,27.2,FMC,?,4,16,4.3,3.71," $ 4,520.00 ", $ 175.38 ,420,6.00
ATC (Czech),Plossl,Plossl,26,1.25,60,,?,?,27.2,?,?,4,16,4.3,3.71," $ 5,680.00 ", $ 220.38 ,420,6.00
ATC (Czech),Plossl,Plossl,40,2.00,60,,?,?,41.9,?,?,4,11,6.7,5.71," $ 8,560.00 ", $ 332.13 ,420,6.00
ATC (Czech),Plossl,Plossl,53,2.00,50,310,?,43.5,46.3,?,?,4,8,8.8,5.93," $ 4,990.00 ", $ 193.61 ,420,6.00
ATC (Czech),Plossl,Plossl,53,2.00,50,,?,43.5,46.3,?,?,4,8,8.8,5.93," $ 7,360.00 ", $ 285.57 ,420,6.00
ATC (Czech),Ultra Wide,UWA,8,1.25,94,,?,?,13.1,?,?,?,53,1.3,1.79," $ 17,680.00 ", $ 685.98 ,420,6.00
Baader Planetarium,Classic Ortho,Orthoscopic,6,1.25,49,40,4.5,5.0,5.1,FMC,?,4,70,1.0,0.68,, $ 79.99 ,420,6.00
Baader Planetarium,Classic Ortho,Orthoscopic,10,1.25,50,52,7.5,8.7,8.7,FMC,?,4,42,1.7,1.19,, $ 79.99 ,420,6.00
Baader Planetarium,Classic Ortho,Orthoscopic,18,1.25,53,85,13.5,16.8,16.7,FMC,?,4,23,3.0,2.29,, $ 79.99 ,420,6.00
Baader Planetarium,Classic Plossl,Plossl,32,1.25,43,104,22.4,24.1,24.0,FMC,?,4,13,5.3,3.29,, $ 79.99 ,420,6.00
Baader Planetarium,Hyperion,Wide-Field,5,1.25/2.00,68,416,20.0,6.5,5.9,FMC,Y,8,84,0.8,0.89,, $ 147.99 ,420,6.00
Baader Planetarium,Hyperion,Wide-Field,8,1.25/2.00,68,381,20.0,10.7,9.5,FMC,Y,8,53,1.3,1.46,, $ 147.99 ,420,6.00
Baader Planetarium,Hyperion,Wide-Field,10,1.25/2.00,68,385,20.0,15.0,11.9,FMC,Y,8,42,1.7,2.05,, $ 147.99 ,420,6.00
Baader Planetarium,Hyperion,Wide-Field,13,1.25/2.00,68,390,20.0,17.7,15.4,FMC,Y,8,32,2.2,2.41,, $ 147.99 ,420,6.00
Baader Planetarium,Hyperion,Wide-Field,17,1.25/2.00,68,395,20.0,20.9,20.2,FMC,Y,8,25,2.8,2.85,, $ 147.99 ,420,6.00
Baader Planetarium,Hyperion,Wide-Field,21,1.25/2.00,68,388,20.0,24.9,24.9,FMC,Y,8,20,3.5,3.40,, $ 147.99 ,420,6.00
Baader Planetarium,Hyperion,Wide-Field,24,1.25/2.00,68,330,20.0,28.5,28.5,FMC,Y,6,18,4.0,3.89,, $ 147.99 ,420,6.00
Baader Planetarium,Hyperion Aspheric,Wide-Field,31,2.00,72,390,18.0,38.0,39.0,FMC,Y,6,14,5.2,5.18,, $ 209.99 ,420,6.00
Baader Planetarium,Hyperion Aspheric,Wide-Field,36,2.00,72,415,20.0,44.0,45.2,FMC,Y,6,12,6.0,6.00,, $ 219.99 ,420,6.00
Baader Planetarium,Mark IV Zoom w/click-stops,Zoom,8-24,1.25,44-68,290,16-19,?, ,FMC,?,7,N/A,N/A,N/A,, $ 289.99 ,420,6.00
Baader Planetarium,Morpheus,Wide-Field,4.5,1.25/2.00,76,358,17.5,6.1,6.0,FMC,Y,8,93,0.8,0.83,, $ 239.99 ,420,6.00
Baader Planetarium,Morpheus,Wide-Field,6.5,1.25/2.00,76,326,18.5,8.8,8.6,FMC,Y,8,65,1.1,1.19,, $ 239.99 ,420,6.00
Baader Planetarium,Morpheus,Wide-Field,9,1.25/2.00,76,328,21.0,12.1,11.9,FMC,Y,8,47,1.5,1.65,, $ 239.99 ,420,6.00
Baader Planetarium,Morpheus,Wide-Field,12.5,1.25/2.00,76,315,20.0,16.8,16.6,FMC,Y,8,34,2.1,2.29,, $ 239.99 ,420,6.00
Baader Planetarium,Morpheus,Wide-Field,14,1.25/2.00,76,363,18.5,18.9,18.6,FMC,Y,8,30,2.3,2.57,, $ 239.99 ,420,6.00
Baader Planetarium,Morpheus,Wide-Field,17.5,1.25/2.00,76,305,23.0,23.6,23.2,FMC,Y,8,24,2.9,3.21,, $ 239.99 ,420,6.00
Brandon,Brandon Orthoscopic,Chester Brandon,6,1.25,42,28,4.8,4.4,4.4,FC,N,4,70,1.0,0.60,, $ 235.00 ,420,6.00
Brandon,Brandon Orthoscopic,Chester Brandon,8,1.25,43,34,6.4,6.0,6.0,FC,N,4,53,1.3,0.82,, $ 235.00 ,420,6.00
Brandon,Brandon Orthoscopic,Chester Brandon,12,1.25,43,40,9.6,8.9,9.0,FC,N,4,35,2.0,1.21,, $ 235.00 ,420,6.00
Brandon,Brandon Orthoscopic,Chester Brandon,16,1.25,43,43,12.8,11.9,12.0,FC,N,4,26,2.7,1.62,, $ 235.00 ,420,6.00
Brandon,Brandon Orthoscopic,Chester Brandon,24,1.25,52,82,19.2,21.7,21.8,FC,N,4,18,4.0,2.96,, $ 235.00 ,420,6.00
Brandon,Brandon Orthoscopic,Chester Brandon,32,1.25,45,88,25.6,25.0,25.1,FC,N,4,13,5.3,3.41,, $ 235.00 ,420,6.00
Brandon,Brandon Orthoscopic,Chester Brandon,48,2.00,45,303,38.4,37.0,37.7,FC,N,4,9,8.0,5.05,, $ 345.00 ,420,6.00
Bresser,Modified Plossl,Modified Plossl,20,1.25,60,100,15.0,?,20.9,FMC,Y,5,21,3.3,2.86,49, $ 54.39 ,420,6.00
Bresser,Modified Plossl,Modified Plossl,26,1.25,60,18,19.0,?,27.2,FMC,Y,5,16,4.3,3.71,59, $ 65.49 ,420,6.00
Bresser,Modified Plossl,Modified Plossl,32,2.00,60,380,22.0,?,33.5,FMC,Y,5,13,5.3,4.57,99, $ 109.89 ,420,6.00
Bresser,Plossl,Plossl,5,1.25,50,,3.5,?,4.4,FMC,Y,4,84,0.8,0.60,29, $ 32.19 ,420,6.00
Bresser,Plossl,Plossl,6.5,1.25,50,,4.6,?,5.7,FMC,Y,4,65,1.1,0.77,29, $ 32.19 ,420,6.00
Bresser,Plossl,Plossl,10,1.25,50,,7.0,?,8.7,FMC,Y,4,42,1.7,1.19,29, $ 32.19 ,420,6.00
Bresser,Plossl,Plossl,15,1.25,50,,10.5,?,13.1,FMC,Y,4,28,2.5,1.79,29, $ 32.19 ,420,6.00
Bresser,Plossl,Plossl,20,1.25,50,,14.0,?,17.5,FMC,Y,4,21,3.3,2.38,29, $ 32.19 ,420,6.00
Bresser,Plossl,Plossl,25,1.25,50,,17.5,?,21.8,FMC,Y,4,17,4.2,2.98,29, $ 32.19 ,420,6.00
Bresser,Plossl,Plossl,30,1.25,50,,21.0,?,26.2,FMC,Y,4,14,5.0,3.57,29, $ 32.19 ,420,6.00
Bresser,Plossl,Plossl,40,1.25,40,,28.0,?,27.9,FMC,Y,4,11,6.7,3.81,32, $ 35.52 ,420,6.00
Bresser,Wide Angle,Wide-Field,10,1.25,70,74,7.0,?,12.2,FMC,?,5,42,1.7,1.67,45, $ 49.95 ,420,6.00
Bresser,Wide Angle,Wide-Field,15,1.25,70,91,10.5,?,18.3,FMC,?,5,28,2.5,2.50,50, $ 55.50 ,420,6.00
Bresser,Wide Angle,Wide-Field,20,1.25,70,116,14.0,?,24.4,FMC,?,5,21,3.3,3.33,55, $ 61.05 ,420,6.00
Bresser,Wide Angle,Wide-Field,25,2.00,70,332,17.5,?,,FMC,?,5,17,4.2,4.17,, $ 99.99 ,420,6.00
Bresser,Wide Angle,Wide-Field,30,2.00,70,382,21.0,?,,FMC,?,5,14,5.0,5.00,85, $ 94.35 ,420,6.00
Bresser,Wide Angle,Wide-Field,35,2.00,70,530,24.5,?,,FMC,?,5,12,5.8,5.83,92.61, $ 102.80 ,420,6.00
BST (Barsta),58 degree Series,Planetary,2.5,1.25,58,,16.0,?,2.5,FMC,?,5,168,0.4,0.35,, $ 55.00 ,420,6.00
BST (Barsta),58 degree Series,Planetary,3.2,1.25,58,,16.0,?,3.2,FC,?,5,131,0.5,0.44,, $ 55.00 ,420,6.00
BST (Barsta),58 degree Series,Planetary,4,1.25,58,,16.0,?,4.0,FC,?,5,105,0.7,0.55,, $ 55.00 ,420,6.00
BST (Barsta),58 degree Series,Planetary,4.5,1.25,58,,16.0,?,4.6,FC,?,5,93,0.8,0.62,, $ 55.00 ,420,6.00
BST (Barsta),58 degree Series,Planetary,5,1.25,58,,16.0,?,5.1,FC,?,5,84,0.8,0.69,, $ 55.00 ,420,6.00
BST (Barsta),58 degree Series,Planetary,6,1.25,58,,16.0,?,6.1,FC,?,5,70,1.0,0.83,, $ 55.00 ,420,6.00
BST (Barsta),58 degree Series,Planetary,7,1.25,58,,16.0,?,7.1,FC,?,5,60,1.2,0.97,, $ 55.00 ,420,6.00
BST (Barsta),58 degree Series,Planetary,8,1.25,58,,16.0,?,8.1,FC,?,5,53,1.3,1.10,, $ 55.00 ,420,6.00
BST (Barsta),58 degree Series,Planetary,9,1.25,58,,16.0,?,9.1,FC,?,5,47,1.5,1.24,, $ 55.00 ,420,6.00
BST (Barsta),58 degree Series,Planetary,15,1.25,58,,16.0,?,15.2,FC,?,5,28,2.5,2.07,, $ 55.00 ,420,6.00
BST (Barsta),58 degree Series,Planetary,20,1.25,58,,16.0,?,20.2,FC,?,5,21,3.3,2.76,, $ 55.00 ,420,6.00
BST (Barsta),58 degree Series,Planetary,25,1.25,58,,16.0,?,25.3,FC,?,5,17,4.2,3.45,, $ 55.00 ,420,6.00
BST (Barsta),Flat Field,Flat Field,8,1.25,60,,9.5,9.6,8.4,FMC,Y,7,53,1.3,1.31,, $ 69.00 ,420,6.00
BST (Barsta),Flat Field,Flat Field,12,1.25,60,,15.0,15.2,12.6,FMC,Y,7,35,2.0,2.07,, $ 69.00 ,420,6.00
BST (Barsta),Flat Field,Flat Field,16,1.25,60,,19.0,16.5,16.8,FMC,Y,6,26,2.7,2.25,, $ 69.00 ,420,6.00
BST (Barsta),Flat Field,Flat Field,19,1.25,65,,18.5,21.2,21.6,FMC,Y,5,22,3.2,2.89,, $ 69.00 ,420,6.00
BST (Barsta),Flat Field,Flat Field,27,1.25,53,,23.0,24.4,25.0,FMC,Y,5,16,4.5,3.33,, $ 69.00 ,420,6.00
Burgess Optical  ,Modified Erfle,Wide-Field,16,1.25,67,76,14.0,18.0,18.7,FMC,?,5,26,2.7,2.46,, coming ,420,6.00
Burgess Optical  ,Modified Erfle,Wide-Field,24,1.25,67,188,18.0,26.0,28.1,FMC,?,5,18,4.0,3.55,, $ 99.00 ,420,6.00
Burgess Optical  ,Modified Erfle,Wide-Field,35,2.00,67,460,18.0,39.0,40.9,FMC,?,5,12,5.8,5.32,, coming ,420,6.00
Burgess Optical  ,Symmetrical,Plossl,12.5,1.25,48,52,12.5,?,10.5,FMC,Y,4,34,2.1,1.43,, $ 15.00 ,420,6.00
Burgess Optical  ,Symmetrical,Plossl,30,1.25,55,114,18.0,?,28.8,FMC,Y,4,14,5.0,3.93,, $ 14.95 ,420,6.00
Burgess Optical  ,Ultra Mono,Monocentric,6,1.25,33,42,6.0,3.2,3.5,FMC,?,3,70,1.0,0.44,, $ 99.00 ,420,6.00
Burgess Optical  ,Ultra Mono,Monocentric,8,1.25,33,?,?,?,4.6,FMC,?,3,53,1.3,0.63,, coming ,420,6.00
Burgess Optical  ,Ultra Mono,Monocentric,10,1.25,33,50,8.0,5.5,5.8,FMC,?,3,42,1.7,0.75,, $ 99.00 ,420,6.00
Burgess Optical  ,Ultra Mono,Monocentric,16,1.25,33,?,?,?,9.2,FMC,?,3,26,2.7,1.26,, coming ,420,6.00
Celestron,E-Lux,Kellner,26,2.00,56,276,24.0,?,25.4,FC,?,3,16,4.3,3.47,, $ 54.95 ,420,6.00
Celestron,E-Lux,Kellner,32,2.00,56,328,28.0,?,31.3,FC,?,3,13,5.3,4.27,, $ 59.95 ,420,6.00
Celestron,E-Lux,Kellner,40,2.00,56,356,36.0,?,39.1,FC,?,3,11,6.7,5.33,, $ 64.95 ,420,6.00
Celestron,E-Lux,Plossl,6,1.25,50,,5.0,?,5.2,FC,?,4,70,1.0,0.71,, $ 25.95 ,420,6.00
Celestron,E-Lux,Plossl,10,1.25,50,,7.0,?,8.7,FC,?,4,42,1.7,1.19,, $ 25.95 ,420,6.00
Celestron,E-Lux,Plossl,25,1.25,50,,22.0,?,21.8,FC,?,4,17,4.2,2.98,, $ 25.95 ,420,6.00
Celestron,E-Lux,Plossl,40,1.25,50,,31.0,?,34.9,FC,?,4,11,6.7,4.76,, $ 39.95 ,420,6.00
Celestron,Luminos,UltraWideField,7,1.25,82,,12.0,15.0,10.0,FMC,Y,7,60,1.2,2.05,, $ 119.95 ,420,6.00
Celestron,Luminos,UltraWideField,10,1.25,82,,12.0,17.0,14.3,FMC,Y,7,42,1.7,2.32,, $ 119.95 ,420,6.00
Celestron,Luminos,UltraWideField,15,1.25,82,,17.0,26.0,21.5,FMC,Y,7,28,2.5,3.55,, $ 119.95 ,420,6.00
Celestron,Luminos,UltraWideField,19,2.00,82,,20.0,30.0,27.2,FMC,Y,6,22,3.2,4.09,, $ 175.95 ,420,6.00
Celestron,Luminos,UltraWideField,23,2.00,82,,20.0,37.0,32.9,FMC,Y,6,18,3.8,5.05,, $ 229.95 ,420,6.00
Celestron,Luminos,UltraWideField,31,2.00,82,,27.0,47.0,44.4,FMC,Y,6,14,5.2,6.41,, $ 274.95 ,420,6.00
Celestron,Omni,Plossl,4,1.25,50,,6.0,?,3.5,FMC,Y,4,105,0.7,0.48,, $ 33.95 ,420,6.00
Celestron,Omni,Plossl,6,1.25,50,,5.0,?,5.2,FMC,Y,4,70,1.0,0.71,, $ 33.95 ,420,6.00
Celestron,Omni,Plossl,9,1.25,50,,6.0,?,7.9,FMC,Y,4,47,1.5,1.07,, $ 33.95 ,420,6.00
Celestron,Omni,Plossl,12,1.25,50,,8.0,?,10.5,FMC,Y,4,35,2.0,1.43,, $ 33.95 ,420,6.00
Celestron,Omni,Plossl,15,1.25,50,,13.0,?,13.1,FMC,Y,4,28,2.5,1.79,, $ 35.95 ,420,6.00
Celestron,Omni,Plossl,32,1.25,48,,22.0,?,26.8,FMC,Y,4,13,5.3,3.66,, $ 57.95 ,420,6.00
Celestron,Omni,Plossl,40,1.25,40,,31.0,?,27.9,FMC,Y,4,11,6.7,3.81,, $ 57.95 ,420,6.00
Celestron,Omni,Plossl,56,2.00,47,,40.3,46.0,45.9,FMC,Y,4,8,9.3,6.28,, $ 99.95 ,420,6.00
Celestron,Ultima Edge,Wide-Field,10,1.25,60,,16.0,14.7,10.5,FMC,Y,5,42,1.7,2.01,, $ 89.95 ,420,6.00
Celestron,Ultima Edge,Wide-Field,15,1.25,65,,16.0,19.6,17.0,FMC,Y,8,28,2.5,2.67,, $ 129.95 ,420,6.00
Celestron,Ultima Edge,Wide-Field,18,1.25,65,,20.0,23.4,20.4,FMC,Y,8,23,3.0,3.19,, $ 139.95 ,420,6.00
Celestron,Ultima Edge,Wide-Field,24,1.25,65,,29.0,27.3,27.2,FMC,Y,8,18,4.0,3.72,, $ 219.95 ,420,6.00
Celestron,Ultima Edge,Wide-Field,30,2.00,70,,22.0,38.0,36.7,FMC,Y,9,14,5.0,5.18,, $ 239.95 ,420,6.00
Celestron,X-CEL LX,LER,2.3,1.25,60,,16.0,?,2.4,FMC,Y,6,183,0.4,0.33,, $ 92.95 ,420,6.00
Celestron,X-CEL LX,LER,5,1.25,60,,16.0,5.1,5.2,FMC,Y,6,84,0.8,0.70,, $ 92.95 ,420,6.00
Celestron,X-CEL LX,LER,7,1.25,60,,16.0,7.0,7.3,FMC,Y,6,60,1.2,0.95,, $ 92.95 ,420,6.00
Celestron,X-CEL LX,LER,9,1.25,60,,16.0,9.5,9.4,FMC,Y,6,47,1.5,1.30,, $ 92.95 ,420,6.00
Celestron,X-CEL LX,LER,12,1.25,60,,16.0,13.0,12.6,FMC,Y,6,35,2.0,1.77,, $ 92.95 ,420,6.00
Celestron,X-CEL LX,LER,18,1.25,60,,16.0,18.4,18.8,FMC,Y,6,23,3.0,2.51,, $ 92.95 ,420,6.00
Celestron,X-CEL LX,LER,25,1.25,60,,16.0,25.0,26.2,FMC,Y,6,17,4.2,3.41,, $ 92.95 ,420,6.00
Celestron,Zoom,Zoom,8-24,1.25,39-63,,15-18,?, ,FMC,?,?,N/A,N/A,N/A,, $ 92.95 ,420,6.00
Coronado,CeMax,Plossl,12,1.25,52,,8.6,10.5,10.9,FMC,Y,4,35,2.0,1.43,, $ 79.99 ,420,6.00
Coronado,CeMax,Plossl,18,1.25,52,,13.0,18.0,16.3,FMC,Y,4,23,3.0,2.46,, $ 79.99 ,420,6.00
Coronado,CeMax,Plossl,25,1.25,52,,18.0,19.5,22.7,FMC,Y,4,17,4.2,2.66,, $ 79.99 ,420,6.00
Denkmeier Optical,D14-pr,Pair-Wide-Field,15.3,1.25,65,,20.0,?,17.4,FMC,?,?,27,2.6,2.37,, $ 629.00 ,420,6.00
Denkmeier Optical,D21-pr,Pair-Wide-Field,21.6,1.25,65,,20.0,?,24.5,FMC,?,?,19,3.6,3.34,, $ 549.00 ,420,6.00
Denkmeier Optical,LOA 3D-Pair of 1 3D and 1 Neutral,Pair  ,21,1.25,65,,18.0,?,23.8,FMC,Y,5,20,3.5,3.25,, $ 599.00 ,420,6.00
Denkmeier Optical,LOA 3D-Pair of 1 3D and 1 Neutral,Pair  ,32,1.25,50,,18.0,27.0,27.9,FMC,Y,4,13,5.3,3.68,, $ 399.00 ,420,6.00
Denkmeier Optical,LOA Neutral,single,21,1.25,65,,18.0,?,23.8,FMC,Y,5,20,3.5,3.25,, $ 149.00 ,420,6.00
Denkmeier Optical,LOA Neutral,single,32,1.25,50,,18.0,27.0,27.9,FMC,Y,4,13,5.3,3.68,, $ 99.00 ,420,6.00
Denkmeier Optical,Plossl,"Plossl, each",32,1.25,50,,18.0,27.0,27.9,FMC,Y,4,13,5.3,3.68,, $ 119.00 ,420,6.00
Denkmeier Optical,Plossl,"Plossl, pair",32,1.25,50,,18.0,27.0,27.9,FMC,Y,4,13,5.3,3.68,, $ 199.00 ,420,6.00
Discovery,Plossl,Plossl,4,1.25,50,,2.8,?,3.5,?,?,4,105,0.7,0.48,, $ 36.50 ,420,6.00
Discovery,Plossl,Plossl,6.5,1.25,50,,4.6,?,5.7,?,?,4,65,1.1,0.77,, $ 36.50 ,420,6.00
Discovery,Plossl,Plossl,10,1.25,50,,7.0,?,8.7,?,?,4,42,1.7,1.19,, $ 36.50 ,420,6.00
Discovery,Plossl,Plossl,12.5,1.25,50,,8.8,?,10.9,?,?,4,34,2.1,1.49,, $ 36.50 ,420,6.00
Discovery,Plossl,Plossl,15,1.25,50,,10.5,?,13.1,?,?,4,28,2.5,1.79,, $ 36.50 ,420,6.00
Discovery,Plossl,Plossl,20,1.25,50,,14.0,?,17.5,?,?,4,21,3.3,2.38,, $ 36.50 ,420,6.00
Discovery,Plossl,Plossl,25,1.25,50,,17.5,?,21.8,?,?,4,17,4.2,2.98,, $ 36.50 ,420,6.00
Discovery,Plossl,Plossl,30,1.25,50,,21.0,?,26.2,?,?,4,14,5.0,3.57,, $ 36.50 ,420,6.00
Discovery,Plossl,Plossl,40,1.25,40,,28.0,?,27.9,?,?,4,11,6.7,3.81,, $ 36.50 ,420,6.00
Discovery,Series 70,Wide-Field,10,1.25,70,,?,?,12.2,?,?,?,42,1.7,1.67,, $ 79.95 ,420,6.00
Discovery,Series 70,Wide-Field,15,1.25,70,,?,?,18.3,?,?,?,28,2.5,2.50,, $ 79.95 ,420,6.00
Discovery,Series 70,Wide-Field,20,1.25,70,,?,?,24.4,?,?,?,21,3.3,3.33,, $ 79.95 ,420,6.00
Discovery,Series 70,Wide-Field,32,2.00,70,,?,?,39.1,?,?,?,13,5.3,5.33,, $ 149.95 ,420,6.00
Discovery,Zoom,Zoom,7-23,1.25,36-65,,16.6-16.7,?, ,?,?,7,N/A,N/A,N/A,, $ 69.95 ,420,6.00
Discovery,Zoom,Zoom,8-24,1.25,33-54,,10.4-11.4,?, ,?,?,6,N/A,N/A,N/A,, $ 89.95 ,420,6.00
Edmund Optics,RKE (Rank-Kaspereit-Erfle),reverse Kellner,8,1.25,45,,6.7,6.6,6.3,FC,N ,3,53,1.3,0.90,, $ 90.00 ,420,6.00
Edmund Optics,RKE (Rank-Kaspereit-Erfle),reverse Kellner,12,1.25,46,,9.7,9.7,9.6,FC,N ,3,35,2.0,1.32,, $ 90.00 ,420,6.00
Edmund Optics,RKE (Rank-Kaspereit-Erfle),reverse Kellner,21.5,1.25,47,,16.9,17.3,17.6,FC,N ,3,20,3.6,2.36,, $ 90.00 ,420,6.00
Edmund Optics,RKE (Rank-Kaspereit-Erfle),reverse Kellner,28.7,1.25,47,,21.2,23.3,23.5,FC,N ,3,15,4.8,3.18,, $ 90.00 ,420,6.00
Explore Scientific,100 Series,Hyperwide field,5.5,2.00,100,603,10.5,9.6,9.6,FMC,Y,9,76,0.9,1.31,, $ 449.99 ,420,6.00
Explore Scientific,100 Series,Hyperwide field,9,2.00,100,596,12.5,15.7,15.7,FMC,Y,9,47,1.5,2.14,, $ 549.99 ,420,6.00
Explore Scientific,100 Series,Hyperwide field,14,2.00,100,852,14.5,24.4,24.4,FMC,Y,9,30,2.3,3.33,, $ 549.99 ,420,6.00
Explore Scientific,100 Series,Hyperwide field,20,2.00,100,965,14.5,34.8,34.9,FMC,Y,9,21,3.3,4.75,, $ 549.99 ,420,6.00
Explore Scientific,100 Series,Hyperwide field,25,2.00,100,1176,14.5,41.0,43.6,FMC,Y,8,17,4.2,5.59,, $ 849.99 ,420,6.00
Explore Scientific,120 Series,Hyperwide field,9,2.00,120,1295,12.5,21.7,18.8,FMC,Y,12,47,1.5,2.96,, $ 999.99 ,420,6.00
Explore Scientific,"3"" Series",Hyperwide field,30,3.00,100,2353,17.0,52.2,52.4,FMC,Y,8,14,5.0,7.12,, $ 999.99 ,420,6.00
Explore Scientific,52 Series,General Use,3,1.25,52,190,15.0,2.7,2.7,FMC,Y,6,140,0.5,0.37,, $ 79.99 ,420,6.00
Explore Scientific,52 Series,General Use,4.5,1.25,52,190,15.0,4.1,4.1,FMC,Y,6,93,0.8,0.56,, $ 79.99 ,420,6.00
Explore Scientific,52 Series,General Use,6.5,1.25,52,220,15.9,5.9,5.9,FMC,Y,6,65,1.1,0.80,, $ 79.99 ,420,6.00
Explore Scientific,52 Series,General Use,10,1.25,52,185,16.6,9.1,9.1,FMC,Y,6,42,1.7,1.24,, $ 79.99 ,420,6.00
Explore Scientific,52 Series,General Use,15,1.25,52,200,16.3,?,13.6,FMC,Y,?,28,2.5,1.86,, $ 79.99 ,420,6.00
Explore Scientific,52 Series,General Use,20,1.25,52,175,15.0,18.2,18.2,FMC,Y,5,21,3.3,2.48,, $ 79.99 ,420,6.00
Explore Scientific,52 Series,General Use,25,1.25,52,182,16.4,?,22.7,FMC,Y,4,17,4.2,3.10,, $ 89.99 ,420,6.00
Explore Scientific,52 Series,General Use,30,1.25,52,200,19.9,27.2,27.2,FMC,Y,4,14,5.0,3.71,, $ 129.99 ,420,6.00
Explore Scientific,52 Series,General Use,40,2.00,52,385,27.1,36.3,36.3,FMC,Y,4,11,6.7,4.95,, $ 159.99 ,420,6.00
Explore Scientific,62 Series,General Use,5.5,1.25,62,115,12.9,6.7,6.0,FMC,Y,6,76,0.9,0.91,, $ 109.99 ,420,6.00
Explore Scientific,62 Series,General Use,9,1.25,62,115,12.6,10.9,9.7,FMC,Y,6,47,1.5,1.49,, $ 109.99 ,420,6.00
Explore Scientific,62 Series,General Use,14,1.25,62,99,10.4,14.7,15.1,FMC,Y,5,30,2.3,2.01,, $ 109.99 ,420,6.00
Explore Scientific,62 Series,General Use,20,1.25,62,136,14.8,20.9,21.6,FMC,Y,5,21,3.3,2.85,, $ 109.99 ,420,6.00
Explore Scientific,62 Series,General Use,26,1.25,62,220,19.3,27.3,28.1,FMC,Y,5,16,4.3,3.72,, $ 129.99 ,420,6.00
Explore Scientific,62 Series,General Use,32,2.00,62,420,22.2,33.6,34.6,FMC,Y,5,13,5.3,4.58,, $ 169.99 ,420,6.00
Explore Scientific,62 Series,General Use,40,2.00,62,665,28.2,42.2,43.3,FMC,Y,5,11,6.7,5.76,, $ 209.99 ,420,6.00
Explore Scientific,68 Series,Wide-Field,16,1.25,68,159,11.9,18.2,19.0,FMC,Y,6,26,2.7,2.48,, $ 179.99 ,420,6.00
Explore Scientific,68 Series,Wide-Field,20,1.25,68,250,15.3,22.8,23.7,FMC,Y,6,21,3.3,3.11,, $ 179.99 ,420,6.00
Explore Scientific,68 Series,Wide-Field,24,1.25,68,318,18.4,27.2,28.5,FMC,Y,6,18,4.0,3.71,, $ 189.99 ,420,6.00
Explore Scientific,68 Series,Wide-Field,28,2.00,68,454,21.6,31.8,33.2,FMC,Y,6,15,4.7,4.34,, $ 239.99 ,420,6.00
Explore Scientific,68 Series,Wide-Field,34,2.00,68,681,26.4,38.6,40.4,FMC,Y,6,12,5.7,5.27,, $ 319.99 ,420,6.00
Explore Scientific,68 Series,Wide-Field,40,2.00,68,977,31.0,46.0,47.5,FMC,Y,6,11,6.7,6.28,, $ 389.99 ,420,6.00
Explore Scientific,82 LER Series,UltraWideField,4.5,1.25,82,275,15.9,?,6.4,FMC,Y,,93,0.8,0.88,, $ 249.99 ,420,6.00
Explore Scientific,82 LER Series,UltraWideField,6.5,1.25,82,325,16.8,?,9.3,FMC,Y,,65,1.1,1.27,, $ 249.99 ,420,6.00
Explore Scientific,82 LER Series,UltraWideField,8.5,1.25,82,280,15.0,?,12.2,FMC,Y,,49,1.4,1.66,, $ 249.99 ,420,6.00
Explore Scientific,82 Series,UltraWideField,4.7,1.25,82,213,14.0,6.9,6.7,FMC,Y,7,89,0.8,0.94,, $ 199.99 ,420,6.00
Explore Scientific,82 Series,UltraWideField,8.8,1.25,82,227,14.0,12.4,12.6,FMC,Y,7,48,1.5,1.69,, $ 199.99 ,420,6.00
Explore Scientific,82 Series,UltraWideField,11,1.25,82,284,15.0,15.9,15.7,FMC,Y,7,38,1.8,2.17,, $ 199.99 ,420,6.00
Explore Scientific,82 Series,UltraWideField,14,1.25,82,256,15.0,18.9,20.0,FMC,Y,7,30,2.3,2.58,, $ 199.99 ,420,6.00
Explore Scientific,82 Series,UltraWideField,18,2.00,82,398,13.0,25.3,25.8,FMC,Y,6,23,3.0,3.45,, $ 299.99 ,420,6.00
Explore Scientific,82 Series,UltraWideField,24,2.00,82,727,17.0,33.5,34.3,FMC,Y,6,18,4.0,4.57,, $ 329.99 ,420,6.00
Explore Scientific,82 Series,UltraWideField,30,2.00,82,1000,21.0,43.0,42.9,FMC,Y,6,14,5.0,5.87,, $ 369.99 ,420,6.00
Explore Scientific,92 Series,Hyperwide field,12,2.00,92,1017,20.0,19.6,19.3,FMC,Y,8,35,2.0,2.67,, $ 549.99 ,420,6.00
Explore Scientific,92 Series,Hyperwide field,17,2.00,92,1159,19.9,27.4,27.3,FMC,Y,8,25,2.8,3.74,, $ 549.99 ,420,6.00
Fujiyama (Kokusi Kohki),HD Orthoscopic,Orthoscopic,4,1.25,42,,3.4,2.6,2.9,FMC,Y,4,105,0.7,0.35,, $ 95.00 ,420,6.00
Fujiyama (Kokusi Kohki),HD Orthoscopic,Orthoscopic,5,1.25,42,,4.0,3.4,3.7,FMC,Y,4,84,0.8,0.46, , $ 95.00 ,420,6.00
Fujiyama (Kokusi Kohki),HD Orthoscopic,Orthoscopic,6,1.25,42,,4.9,4.2,4.4,FMC,Y,4,70,1.0,0.57,, $ 95.00 ,420,6.00
Fujiyama (Kokusi Kohki),HD Orthoscopic,Orthoscopic,7,1.25,42,,6.1,4.8,5.1,FMC,Y,4,60,1.2,0.65,, $ 95.00 ,420,6.00
Fujiyama (Kokusi Kohki),HD Orthoscopic,Orthoscopic,9,1.25,42,,7.6,6.3,6.6,FMC,Y,4,47,1.5,0.86,, $ 95.00 ,420,6.00
Fujiyama (Kokusi Kohki),HD Orthoscopic,Orthoscopic,12.5,1.25,42,,10.4,9.2,9.2,FMC,Y,4,34,2.1,1.26,, $ 95.00 ,420,6.00
Fujiyama (Kokusi Kohki),HD Orthoscopic,Orthoscopic,18,1.25,42,,15.2,12.5,13.2,FMC,Y,4,23,3.0,1.71, , $ 95.00 ,420,6.00
Fujiyama (Kokusi Kohki),HD Orthoscopic,Orthoscopic,25,1.25,42,,22.2,17.4,18.3,FMC,Y,4,17,4.2,2.37, , $ 95.00 ,420,6.00
Gosky,Amazon/eBay seller of many inexpensive Chinese clones,,,,,,,?, ,,,,N/A,N/A,N/A,,,420,6.00
GSO (Guan Sheng Optical),Plossl,Plossl,4,1.25,50,,2.8,?,3.5,FMC,Y,4,105,0.7,0.48,, $ 28.95 ,420,6.00
GSO (Guan Sheng Optical),Plossl,Plossl,6,1.25,50,,4.2,?,5.2,FMC,Y,4,70,1.0,0.71,, $ 28.95 ,420,6.00
GSO (Guan Sheng Optical),Plossl,Plossl,9,1.25,50,,6.3,?,7.9,FMC,Y,4,47,1.5,1.07,, $ 28.95 ,420,6.00
GSO (Guan Sheng Optical),Plossl,Plossl,12,1.25,50,,8.4,?,10.5,FMC,Y,4,35,2.0,1.43,, $ 29.95 ,420,6.00
GSO (Guan Sheng Optical),Plossl,Plossl,15,1.25,50,,10.5,?,13.1,FMC,Y,4,28,2.5,1.79,, $ 29.95 ,420,6.00
GSO (Guan Sheng Optical),Plossl,Plossl,20,1.25,50,,14.0,?,17.5,FMC,Y,4,21,3.3,2.38,, $ 29.95 ,420,6.00
GSO (Guan Sheng Optical),Plossl,Plossl,25,1.25,50,,17.5,?,21.8,FMC,Y,4,17,4.2,2.98,, $ 29.95 ,420,6.00
GSO (Guan Sheng Optical),Plossl,Plossl,32,1.25,50,,22.4,?,27.9,FMC,Y,4,13,5.3,3.81,, $ 32.95 ,420,6.00
GSO (Guan Sheng Optical),Plossl,Plossl,40,1.25,40,,28.0,?,27.9,FMC,Y,4,11,6.7,3.81,, $ 34.95 ,420,6.00
GSO (Guan Sheng Optical),Superview,Wide-Field,15,1.25,65,,13.0,?,17.0,FMC,Y,4,28,2.5,2.32,, $ 42.95 ,420,6.00
GSO (Guan Sheng Optical),Superview,Wide-Field,20,1.25,67,,18.0,23.5,23.4,FMC,Y,5,21,3.3,3.21,, $ 42.95 ,420,6.00
GSO (Guan Sheng Optical),Superview,Wide-Field,30,2.00,70,,22.0,?,36.7,FMC,Y,5,14,5.0,5.00,, $ 64.95 ,420,6.00
GSO (Guan Sheng Optical),Superview,Wide-Field,42,2.00,58,,30.0,42.0,42.5,FMC,Y,5,10,7.0,5.73,, $ 64.95 ,420,6.00
GSO (Guan Sheng Optical),Superview,Wide-Field,50,2.00,48,,35.0,?,41.9,FMC,Y,5,8,8.3,5.71,, $ 64.95 ,420,6.00
Harry Siebert Optics,Monocentric (add $199 for barlow),Planetary,10,1.25,30,,?,Use w/barlow 1.7/2/2.5/3/3.5/4,5.2,?,N,3,42,1.7,N/A,, $ 199.00 ,420,6.00
Harry Siebert Optics,Monocentric (add $199 for barlow),Planetary,12,1.25,30,,?,Use w/barlow 1.7/2/2.5/3/3.5/4,6.3,?,N,3,35,2.0,N/A,, $ 199.00 ,420,6.00
Harry Siebert Optics,Monocentric (add $199 for barlow),Planetary,14.5,1.25,30,,?,Use w/barlow 1.7/2/2.5/3/3.5/4,7.6,?,N,3,29,2.4,N/A,, $ 199.00 ,420,6.00
Harry Siebert Optics,Monocentric (add $199 for barlow),Planetary,17.5,1.25,30,,?,Use w/barlow 1.7/2/2.5/3/3.5/4,9.2,?,N,3,24,2.9,N/A,, $ 199.00 ,420,6.00
Harry Siebert Optics,Monocentric (add $199 for barlow),Planetary,20,1.25,30,,?,Use w/barlow 1.7/2/2.5/3/3.5/4,10.5,?,N,3,21,3.3,N/A,, $ 199.00 ,420,6.00
Harry Siebert Optics,Monocentric (add $199 for barlow),Planetary,24.5,1.25,30,,?,Use w/barlow 1.7/2/2.5/3/3.5/4,12.8,?,N,3,17,4.1,N/A,, $ 199.00 ,420,6.00
Harry Siebert Optics,Monocentric (add $199 for barlow),Planetary,38.9,2.00,30,,?,Use w/barlow 1.7/2/2.5/3/3.5/4,20.4,?,N,3,11,6.5,N/A,, $ 249.00 ,420,6.00
Harry Siebert Optics,Monocentric (add $199 for barlow),Planetary,50,2.00,30,,?,Use w/barlow 1.7/2/2.5/3/3.5/4,26.2,?,N,3,8,8.3,N/A,, $ 249.00 ,420,6.00
Harry Siebert Optics,Observatory Elite Series,Special,40,2.50,75,,25.0,60.0,52.4,?,?,?,11,6.7,8.19,, $ 899.00 ,420,6.00
Harry Siebert Optics,Observatory Elite Series,Special,40,2.70,75,,25.0,66.0,52.4,?,?,?,11,6.7,9.00,, $ 899.00 ,420,6.00
Harry Siebert Optics,Observatory Elite Series,Special,40,3.00,75,,25.0,67.0,52.4,?,?,?,11,6.7,9.14,, $ 999.00 ,420,6.00
Harry Siebert Optics,Observatory Elite Series,Special,40,4.00,75,,25.0,none,52.4,?,?,?,11,6.7,N/A,," $ 1,499.00 ",420,6.00
Harry Siebert Optics,Observatory Elite Series,Special,40,4.30,75,,25.0,none,52.4,?,?,?,11,6.7,N/A,," $ 1,499.00 ",420,6.00
Harry Siebert Optics,Observatory Elite Series,Special,42,2.50,75,,25.0,60.0,55.0,?,?,?,10,7.0,8.19,, $ 899.00 ,420,6.00
Harry Siebert Optics,Observatory Elite Series,Special,42,2.70,75,,25.0,66.0,55.0,?,?,?,10,7.0,9.00,, $ 899.00 ,420,6.00
Harry Siebert Optics,Observatory Elite Series,Special,42,3.00,75,,25.0,67.0,55.0,?,?,?,10,7.0,9.14,, $ 999.00 ,420,6.00
Harry Siebert Optics,Observatory Elite Series,Special,42,4.00,75,,25.0,none,55.0,?,?,?,10,7.0,N/A,," $ 1,499.00 ",420,6.00
Harry Siebert Optics,Observatory Elite Series,Special,42,4.30,75,,25.0,none,55.0,?,?,?,10,7.0,N/A,," $ 1,499.00 ",420,6.00
Harry Siebert Optics,Observatory Elite Series,Special,50,2.50,70,,25.0,60.0,61.1,?,?,?,8,8.3,8.19,, $ 899.00 ,420,6.00
Harry Siebert Optics,Observatory Elite Series,Special,50,2.70,70,,25.0,66.0,61.1,?,?,?,8,8.3,9.00,, $ 899.00 ,420,6.00
Harry Siebert Optics,Observatory Elite Series,Special,50,3.00,70,,25.0,67.0,61.1,?,?,?,8,8.3,9.14,, $ 999.00 ,420,6.00
Harry Siebert Optics,Observatory Elite Series,Special,50,4.00,70,,25.0,?,61.1,?,?,6,8,8.3,8.33,," $ 1,499.00 ",420,6.00
Harry Siebert Optics,Observatory Elite Series,Special,50,4.30,70,,25.0,?,61.1,?,?,?,8,8.3,8.33,," $ 1,499.00 ",420,6.00
Harry Siebert Optics,Observatory Elite Series,Special,55,2.50,63,,25.0,60.0,60.5,?,?,?,8,9.2,8.19,, $ 899.00 ,420,6.00
Harry Siebert Optics,Observatory Elite Series,Special,55,2.70,65,,25.0,66.0,62.4,?,?,?,8,9.2,9.00,, $ 899.00 ,420,6.00
Harry Siebert Optics,Observatory Elite Series,Special,55,3.00,70,,25.0,67.0,67.2,?,?,?,8,9.2,9.14,, $ 999.00 ,420,6.00
Harry Siebert Optics,Observatory Elite Series,Special,55,4.00,70,,25.0,?,67.2,?,?,6,8,9.2,9.17,," $ 1,499.00 ",420,6.00
Harry Siebert Optics,Observatory Elite Series,Special,55,4.30,70,,25.0,?,67.2,?,?,?,8,9.2,9.17,," $ 1,499.00 ",420,6.00
Harry Siebert Optics,Observatory Elite Series,Special,60,2.50,57,,25.0,60.0,59.7,?,?,?,7,10.0,8.19,, $ 899.00 ,420,6.00
Harry Siebert Optics,Observatory Elite Series,Special,60,2.70,60,,25.0,66.0,62.8,?,?,?,7,10.0,9.00,, $ 899.00 ,420,6.00
Harry Siebert Optics,Observatory Elite Series,Special,60,3.00,65,,25.0,67.0,68.1,?,?,?,7,10.0,9.14,, $ 999.00 ,420,6.00
Harry Siebert Optics,Observatory Elite Series,Special,60,4.00,70,,25.0,?,73.3,?,?,6,7,10.0,10.00,," $ 1,499.00 ",420,6.00
Harry Siebert Optics,Observatory Elite Series,Special,60,4.30,70,,25.0,?,73.3,?,?,?,7,10.0,10.00,," $ 1,499.00 ",420,6.00
Harry Siebert Optics,Observatory Elite Series,Special,65,2.50,53,,25.0,60.0,60.1,?,?,?,6,10.8,8.19,, $ 899.00 ,420,6.00
Harry Siebert Optics,Observatory Elite Series,Special,65,2.70,56,,25.0,66.0,63.5,?,?,?,6,10.8,9.00,, $ 899.00 ,420,6.00
Harry Siebert Optics,Observatory Elite Series,Special,65,3.00,65,,25.0,67.0,73.7,?,?,?,6,10.8,9.14,, $ 999.00 ,420,6.00
Harry Siebert Optics,Observatory Elite Series,Special,65,4.00,65,,25.0,?,73.7,?,?,6,6,10.8,10.06,," $ 1,499.00 ",420,6.00
Harry Siebert Optics,Observatory Elite Series,Special,65,4.30,65,,25.0,?,73.7,?,?,?,6,10.8,10.06,," $ 1,499.00 ",420,6.00
Harry Siebert Optics,Observatory Elite Series,Special,70,2.50,50,,25.0,60.0,61.1,?,?,?,6,11.7,8.19,, $ 899.00 ,420,6.00
Harry Siebert Optics,Observatory Elite Series,Special,70,2.70,52,,25.0,66.0,63.5,?,?,?,6,11.7,9.00,, $ 899.00 ,420,6.00
Harry Siebert Optics,Observatory Elite Series,Special,70,3.00,60,,25.0,67.0,73.3,?,?,?,6,11.7,9.14,, $ 999.00 ,420,6.00
Harry Siebert Optics,Observatory Elite Series,Special,70,4.00,65,,25.0,?,79.4,?,?,6,6,11.7,10.83,," $ 1,499.00 ",420,6.00
Harry Siebert Optics,Observatory Elite Series,Special,70,4.30,65,,25.0,?,79.4,?,?,?,6,11.7,10.83,," $ 1,499.00 ",420,6.00
Harry Siebert Optics,Observatory Elite Series,Special,75,3.00,60,,25.0,?,78.5,?,?,6,6,12.5,10.71,, $ 999.00 ,420,6.00
Harry Siebert Optics,Observatory Elite Series,Special,75,4.00,60,,25.0,?,78.5,?,?,6,6,12.5,10.71,," $ 1,499.00 ",420,6.00
Harry Siebert Optics,Observatory Elite Series,Special,75,4.30,60,,25.0,?,78.5,?,?,?,6,12.5,10.71,," $ 1,499.00 ",420,6.00
Harry Siebert Optics,Observatory Elite Series,Special,80,3.00,60,,25.0,?,83.8,?,?,6,5,13.3,11.43,, $ 999.00 ,420,6.00
Harry Siebert Optics,Observatory Elite Series,Special,80,4.00,60,,25.0,?,83.8,?,?,6,5,13.3,11.43,," $ 1,499.00 ",420,6.00
Harry Siebert Optics,Observatory Elite Series,Special,80,4.30,60,,25.0,?,83.8,?,?,?,5,13.3,11.43,," $ 1,499.00 ",420,6.00
Harry Siebert Optics,Observatory Elite Series,Special,85,4.00,57,,25.0,?,84.6,?,?,6,5,14.2,11.54,," $ 1,499.00 ",420,6.00
Harry Siebert Optics,Observatory Elite Series,Special,85,4.30,57,,25.0,?,84.6,?,?,?,5,14.2,11.54,," $ 1,499.00 ",420,6.00
Harry Siebert Optics,Observatory Elite Series,Special,90,4.00,55,,25.0,?,86.4,?,?,6,5,15.0,11.79,," $ 1,499.00 ",420,6.00
Harry Siebert Optics,Observatory Elite Series,Special,90,4.30,55,,25.0,?,86.4,?,?,?,5,15.0,11.79,," $ 1,499.00 ",420,6.00
Harry Siebert Optics,Observatory Elite Series,Special,95,4.00,55,,25.0,?,91.2,?,?,6,4,15.8,12.44,," $ 1,499.00 ",420,6.00
Harry Siebert Optics,Observatory Elite Series,Special,95,4.30,55,,25.0,?,91.2,?,?,?,4,15.8,12.44,," $ 1,499.00 ",420,6.00
Harry Siebert Optics,Observatory Elite Series,Special,100,4.00,55,,25.0,?,96.0,?,?,6,4,16.7,13.10,," $ 1,499.00 ",420,6.00
Harry Siebert Optics,Observatory Elite Series,Special,100,4.30,55,,25.0,?,96.0,?,?,?,4,16.7,13.10,," $ 1,499.00 ",420,6.00
Harry Siebert Optics,Observatory Series,Special,34,2.00,65,,20.0,?,38.6,?,?,?,12,5.7,5.26,, $ 299.00 ,420,6.00
Harry Siebert Optics,Observatory Series,Special,36,2.00,65,,20.0,?,40.8,?,?,?,12,6.0,5.57,, $ 299.00 ,420,6.00
Harry Siebert Optics,Performance +,General Use,9,1.25,60,,10.0,?,9.4,FMC,?,3,47,1.5,1.29,, $ 49.00 ,420,6.00
Harry Siebert Optics,Performance +,General Use,10,1.25,60,,10.0,?,10.5,FMC,?,3,42,1.7,1.43,, $ 49.00 ,420,6.00
Harry Siebert Optics,Performance +,General Use,14,1.25,60,,14.0,?,14.7,FMC,?,3,30,2.3,2.00,, $ 79.00 ,420,6.00
Harry Siebert Optics,Performance +,General Use,15,1.25,60,,15.0,?,15.7,FMC,?,3,28,2.5,2.14,, $ 79.00 ,420,6.00
Harry Siebert Optics,Performance +,General Use,16,1.25,60,,16.0,?,16.8,FMC,?,3,26,2.7,2.29,, $ 79.00 ,420,6.00
Harry Siebert Optics,Performance +,General Use,17,1.25,60,,16.0,?,17.8,FMC,?,3,25,2.8,2.43,, $ 89.00 ,420,6.00
Harry Siebert Optics,Performance +,General Use,18,1.25,60,,16.0,?,18.8,FMC,?,3,23,3.0,2.57,, $ 89.00 ,420,6.00
Harry Siebert Optics,Performance +,General Use,27,1.25,52,,16.0,?,24.5,FMC,?,3,16,4.5,3.34,, $ 79.00 ,420,6.00
Harry Siebert Optics,Performance +,General Use,35,1.25,49,,25.0,?,29.9,FMC,?,3,12,5.8,4.08,, $ 79.00 ,420,6.00
Harry Siebert Optics,Planesphere BK7,Planetary,3,1.25,?,,?,?, ,?,N,1,140,0.5,N/A,, $ 139.00 ,420,6.00
Harry Siebert Optics,Planesphere BK7,Planetary,3.5,1.25,?,,?,?, ,?,N,1,120,0.6,N/A,, $ 139.00 ,420,6.00
Harry Siebert Optics,Planesphere BK7,Planetary,4.5,1.25,?,,?,?, ,?,N,1,93,0.8,N/A,, $ 139.00 ,420,6.00
Harry Siebert Optics,Planesphere BK7,Planetary,6,1.25,?,,?,?, ,?,N,1,70,1.0,N/A,, $ 139.00 ,420,6.00
Harry Siebert Optics,Planesphere BK7,Planetary,7.5,1.25,?,,?,?, ,?,N,1,56,1.3,N/A,, $ 139.00 ,420,6.00
Harry Siebert Optics,Planesphere Fused Silica,Planetary,3.2,1.25,?,,?,?, ,?,N,1,131,0.5,N/A,, $ 139.00 ,420,6.00
Harry Siebert Optics,Planesphere Fused Silica,Planetary,4,1.25,?,,?,?, ,?,N,1,105,0.7,N/A,, $ 139.00 ,420,6.00
Harry Siebert Optics,Planesphere Fused Silica,Planetary,5,1.25,?,,?,?, ,?,N,1,84,0.8,N/A,, $ 139.00 ,420,6.00
Harry Siebert Optics,Planesphere Fused Silica,Planetary,6.5,1.25,?,,?,?, ,?,N,1,65,1.1,N/A,, $ 139.00 ,420,6.00
Harry Siebert Optics,Starsplitter SS3 Series,Mod.Orthoscopic,2.9,1.25,60,,10.0,?,3.0,C,?,5,145,0.5,0.41,, $ 129.00 ,420,6.00
Harry Siebert Optics,Starsplitter SS3 Series,Mod.Orthoscopic,3.4,1.25,60,,10.0,?,3.6,C,?,5,124,0.6,0.49,, $ 129.00 ,420,6.00
Harry Siebert Optics,Starsplitter SS3 Series,Mod.Orthoscopic,3.9,1.25,60,,10.0,?,4.1,C,?,5,108,0.7,0.56,, $ 129.00 ,420,6.00
Harry Siebert Optics,Starsplitter SS3 Series,Mod.Orthoscopic,4.4,1.25,60,,10.0,?,4.6,C,?,5,95,0.7,0.63,, $ 129.00 ,420,6.00
Harry Siebert Optics,Starsplitter SS3 Series,Mod.Orthoscopic,4.9,1.25,60,,10.0,?,5.1,C,?,5,86,0.8,0.70,, $ 129.00 ,420,6.00
Harry Siebert Optics,Starsplitter SS3 Series,Mod.Orthoscopic,5.4,1.25,60,,10.0,?,5.7,C,?,5,78,0.9,0.77,, $ 139.00 ,420,6.00
Harry Siebert Optics,Starsplitter SS3 Series,Mod.Orthoscopic,5.9,1.25,60,,10.0,?,6.2,C,?,5,71,1.0,0.84,, $ 139.00 ,420,6.00
Harry Siebert Optics,Starsplitter SS3 Series,Mod.Orthoscopic,6.4,1.25,60,,10.0,?,6.7,C,?,5,66,1.1,0.91,, $ 139.00 ,420,6.00
Harry Siebert Optics,Starsplitter SS3 Series,Mod.Orthoscopic,6.9,1.25,60,,10.0,?,7.2,C,?,5,61,1.2,0.99,, $ 139.00 ,420,6.00
Harry Siebert Optics,Starsplitter SS3 Series,Mod.Orthoscopic,7.4,1.25,60,,10.0,?,7.7,C,?,5,57,1.2,1.06,, $ 139.00 ,420,6.00
Harry Siebert Optics,Starsplitter SS3 Series,Mod.Orthoscopic,7.9,1.25,60,,10.0,?,8.3,C,?,5,53,1.3,1.13,, $ 139.00 ,420,6.00
Harry Siebert Optics,Starsplitter SS3 Series,Mod.Orthoscopic,8.9,1.25,60,,10.0,?,9.3,C,?,5,47,1.5,1.27,, $ 99.00 ,420,6.00
Harry Siebert Optics,Starsplitter SS3 Series,Mod.Orthoscopic,9.4,1.25,60,,10.0,?,9.8,C,?,5,45,1.6,1.34,, $ 99.00 ,420,6.00
Harry Siebert Optics,Starsplitter SS3 Series,Mod.Orthoscopic,9.9,1.25,60,,10.0,?,10.4,C,?,5,42,1.7,1.41,, $ 99.00 ,420,6.00
Harry Siebert Optics,Starsplitter SS4 Series (Out of production for now),Mod.Orthoscopic,2.4,1.25,60,,16.0,?,2.5,C,?,5,175,0.4,0.34,, $ 169.00 ,420,6.00
Harry Siebert Optics,Starsplitter SS4 Series (Out of production for now),Mod.Orthoscopic,2.9,1.25,60,,16.0,?,3.0,C,?,5,145,0.5,0.41,, $ 169.00 ,420,6.00
Harry Siebert Optics,Starsplitter SS4 Series (Out of production for now),Mod.Orthoscopic,3.4,1.25,60,,16.0,?,3.6,C,?,5,124,0.6,0.49,, $ 169.00 ,420,6.00
Harry Siebert Optics,Starsplitter SS4 Series (Out of production for now),Mod.Orthoscopic,3.9,1.25,60,,16.0,?,4.1,?,?,5,108,0.7,0.56,, $ 169.00 ,420,6.00
Harry Siebert Optics,Starsplitter SS4 Series (Out of production for now),Mod.Orthoscopic,4.4,1.25,60,,16.0,?,4.6,?,?,5,95,0.7,0.63,, $ 169.00 ,420,6.00
Harry Siebert Optics,Starsplitter SS4 Series (Out of production for now),Mod.Orthoscopic,4.9,1.25,60,,16.0,?,5.1,?,?,5,86,0.8,0.70,, $ 169.00 ,420,6.00
Harry Siebert Optics,Starsplitter SS4 Series (Out of production for now),Mod.Orthoscopic,5.4,1.25,60,,16.0,?,5.7,?,?,5,78,0.9,0.77,, $ 169.00 ,420,6.00
Harry Siebert Optics,Starsplitter SS4 Series (Out of production for now),Mod.Orthoscopic,5.9,1.25,60,,16.0,?,6.2,?,?,5,71,1.0,0.84,, $ 169.00 ,420,6.00
Harry Siebert Optics,Starsplitter SS4 Series (Out of production for now),Mod.Orthoscopic,6.4,1.25,60,,16.0,?,6.7,?,?,5,66,1.1,0.91,, $ 169.00 ,420,6.00
Harry Siebert Optics,Starsplitter SS4 Series (Out of production for now),Mod.Orthoscopic,6.9,1.25,60,,16.0,?,7.2,?,?,5,61,1.2,0.99,, $ 169.00 ,420,6.00
Harry Siebert Optics,Starsplitter SS4 Series (Out of production for now),Mod.Orthoscopic,7.4,1.25,60,,16.0,?,7.7,?,?,5,57,1.2,1.06,, $ 169.00 ,420,6.00
Harry Siebert Optics,Starsplitter SS4 Series (Out of production for now),Mod.Orthoscopic,7.9,1.25,60,,16.0,?,8.3,?,?,5,53,1.3,1.13,, $ 169.00 ,420,6.00
Harry Siebert Optics,Ultra,Wide-Field,7,1.25,70,,20.0,?,8.6,FMC,?,6,60,1.2,1.17,, $ 179.00 ,420,6.00
Harry Siebert Optics,Ultra,Wide-Field,7,2.00,70,,20.0,?,8.6,FMC,?,6,60,1.2,1.17,, $ 199.00 ,420,6.00
Harry Siebert Optics,Ultra,Wide-Field,9,1.25,70,,20.0,?,11.0,FMC,?,6,47,1.5,1.50,, $ 179.00 ,420,6.00
Harry Siebert Optics,Ultra,Wide-Field,9,2.00,70,,20.0,?,11.0,FMC,?,6,47,1.5,1.50,, $ 199.00 ,420,6.00
Harry Siebert Optics,Ultra,Wide-Field,10,1.25,70,,20.0,?,12.2,FMC,?,6,42,1.7,1.67,, $ 179.00 ,420,6.00
Harry Siebert Optics,Ultra,Wide-Field,10,2.00,70,,20.0,?,12.2,FMC,?,6,42,1.7,1.67,, $ 199.00 ,420,6.00
Harry Siebert Optics,Ultra,Wide-Field,11,1.25,70,,20.0,?,13.4,FMC,?,6,38,1.8,1.83,, $ 179.00 ,420,6.00
Harry Siebert Optics,Ultra,Wide-Field,11,2.00,70,,20.0,?,13.4,FMC,?,6,38,1.8,1.83,, $ 199.00 ,420,6.00
Harry Siebert Optics,Ultra,Wide-Field,13,1.25,70,,20.0,?,15.9,FMC,?,6,32,2.2,2.17,, $ 179.00 ,420,6.00
Harry Siebert Optics,Ultra,Wide-Field,13,2.00,70,,20.0,?,15.9,FMC,?,6,32,2.2,2.17,, $ 199.00 ,420,6.00
Harry Siebert Optics,Ultra,Wide-Field,15,1.25,70,,20.0,?,18.3,FMC,?,6,28,2.5,2.50,, $ 179.00 ,420,6.00
Harry Siebert Optics,Ultra,Wide-Field,15,2.00,70,,20.0,?,18.3,FMC,?,6,28,2.5,2.50,, $ 199.00 ,420,6.00
Harry Siebert Optics,Ultra,Wide-Field,17,1.25,70,,20.0,?,20.8,FMC,?,4,25,2.8,2.83,, $ 119.00 ,420,6.00
Harry Siebert Optics,Ultra,Wide-Field,17,2.00,70,,20.0,?,20.8,FMC,?,4,25,2.8,2.83,, $ 149.00 ,420,6.00
Harry Siebert Optics,Ultra,Wide-Field,18,1.25,70,,20.0,?,22.0,FMC,?,4,23,3.0,3.00,, $ 119.00 ,420,6.00
Harry Siebert Optics,Ultra,Wide-Field,18,2.00,70,,20.0,?,22.0,FMC,?,4,23,3.0,3.00,, $ 149.00 ,420,6.00
Harry Siebert Optics,Ultra,Wide-Field,19,1.25,70,,20.0,?,23.2,FMC,?,4,22,3.2,3.17,, $ 119.00 ,420,6.00
Harry Siebert Optics,Ultra,Wide-Field,19,2.00,70,,20.0,?,23.2,FMC,?,4,22,3.2,3.17,, $ 149.00 ,420,6.00
Harry Siebert Optics,Ultra,Wide-Field,24,1.25,65,,20.0,?,27.2,FMC,?,3,18,4.0,3.71,, $ 129.00 ,420,6.00
Harry Siebert Optics,Ultra,Wide-Field,24,2.00,65,,20.0,?,27.2,FMC,?,3,18,4.0,3.71,, $ 159.00 ,420,6.00
Harry Siebert Optics,Ultra,Wide-Field,28,1.25,58,,20.0,25.0,28.3,FMC,?,?,15,4.7,3.41,, $ 179.00 ,420,6.00
Harry Siebert Optics,Ultra,Wide-Field,28,2.00,58,,20.0,?,28.3,FMC,?,?,15,4.7,3.87,, $ 199.00 ,420,6.00
Harry Siebert Optics,Ultra,Wide-Field,35,1.25,45,,20.0,?,27.5,FMC,?,?,12,5.8,3.75,, $ 129.00 ,420,6.00
Harry Siebert Optics,Ultra,Wide-Field,35,2.00,45,,20.0,?,27.5,FMC,?,?,12,5.8,3.75,, $ 149.00 ,420,6.00
High Point,Plossl,Plossl,4,1.25,50,,2.8,?,3.5,FMC,Y,4,105,0.7,0.48,, $ 29.95 ,420,6.00
High Point,Plossl,Plossl,6,1.25,50,,4.2,?,5.2,FMC,Y,4,70,1.0,0.71,, $ 29.95 ,420,6.00
High Point,Plossl,Plossl,9,1.25,50,,6.3,?,7.9,FMC,Y,4,47,1.5,1.07,, $ 29.95 ,420,6.00
High Point,Plossl,Plossl,15,1.25,50,,10.5,?,13.1,FMC,Y,4,28,2.5,1.79,, $ 29.95 ,420,6.00
High Point,Plossl,Plossl,20,1.25,50,,14.0,?,17.5,FMC,Y,4,21,3.3,2.38,, $ 29.95 ,420,6.00
High Point,Plossl,Plossl,25,1.25,50,,17.5,?,21.8,FMC,Y,4,17,4.2,2.98,, $ 29.95 ,420,6.00
High Point,Plossl,Plossl,32,1.25,50,,22.4,?,27.9,FMC,Y,4,13,5.3,3.81,, $ 42.95 ,420,6.00
High Point,Plossl,Plossl,40,1.25,40,,28.0,?,27.9,FMC,Y,4,11,6.7,3.81,, $ 34.95 ,420,6.00
High Point,Super Wide Angle,Wide-Field,10,1.25,70,,7.0,?,12.2,FMC,Y,5,42,1.7,1.67,, $ 59.95 ,420,6.00
High Point,Super Wide Angle,Wide-Field,15,1.25,70,,10.5,?,18.3,FMC,Y,5,28,2.5,2.50,, $ 59.95 ,420,6.00
High Point,Super Wide Angle,Wide-Field,20,1.25,70,,14.0,?,24.4,FMC,Y,5,21,3.3,3.33,, $ 69.95 ,420,6.00
High Point,Super Wide Angle,Wide-Field,26,2.00,70,,18.2,?,31.8,FMC,Y,5,16,4.3,4.33,, $ 99.95 ,420,6.00
High Point,Super Wide Angle,Wide-Field,32,2.00,70,,22.4,?,39.1,FMC,Y,5,13,5.3,5.33,, $ 109.95 ,420,6.00
High Point,Super Wide Angle,Wide-Field,38,2.00,70,,26.6,?,46.4,FMC,Y,5,11,6.3,6.33,, $ 109.95 ,420,6.00
High Point,Zoom,Zoom,9-27,1.25,40-60,,32404.4,?,,FMC,Y,?,N/A,N/A,N/A,, $ 149.95 ,420,6.00
Kitakaru  ,RPL,General Use,18,1.25,62,,9.0,?,19.5,FMC,?,4,23,3.0,2.66,79, $ 91.64 ,420,6.00
Kitakaru  ,RPL,General Use,25,1.25,62,,14.0,?,27.1,FMC,?,4,17,4.2,3.69,89, $ 103.24 ,420,6.00
Kitakaru  ,RPL,General Use,30,2.00,62,,15.0,?,32.5,FMC,?,4,14,5.0,4.43,99, $ 114.84 ,420,6.00
Kitakaru  ,RPL,General Use,40,2.00,65,,20.0,?,45.4,FMC,?,4,11,6.7,6.19,129, $ 149.64 ,420,6.00
Kitakaru  ,RPL,General Use,45,2.00,62,,22.0,?,48.7,FMC,?,4,9,7.5,6.64,139, $ 159.85 ,420,6.00
Kitakaruizawa Observatory,Cosmic Blue,Wide-Field,20,1.25,70,,?,?,24.4,FMC,?,4,21,3.3,3.33,15000, $ 135.75 ,420,6.00
Kitakaruizawa Observatory,Lavendura,Mod.Orthoscopic,30,1.25,43,,17.0,?,22.5,FMC,?,6,14,5.0,3.07,25000, $ 226.25 ,420,6.00
Kitakaruizawa Observatory,Lavendura,Mod.Orthoscopic,40,1.25,40,,20.0,?,27.9,FMC,?,6,11,6.7,3.81,25000, $ 226.25 ,420,6.00
Kitakaruizawa Observatory,Lavendura,Mod.Orthoscopic,50,2.00,45,,23.0,?,39.3,FMC,?,6,8,8.3,5.36,32500, $ 294.13 ,420,6.00
Kitakaruizawa Observatory,Lavendura,Mod.Orthoscopic,63,2.00,45,,33.0,?,49.5,FMC,?,6,7,10.5,6.75,32500, $ 294.13 ,420,6.00
KSON ,Kellner,Kellner,18,2.00,46,,?,?,14.5,FMC,?,3,23,3.0,1.97,, $ 73.89 ,420,6.00
KSON ,Kellner,Kellner,32,2.00,46,,?,?,25.7,FMC,?,3,13,5.3,3.50,, $ 73.89 ,420,6.00
KSON ,Orthoscopic,Orthoscopic,4.5,1.25,42,,?,?,3.3,FMC,?,4,93,0.8,0.45,, $ 58.33 ,420,6.00
KSON ,Orthoscopic,Orthoscopic,7.5,1.25,42,,?,?,5.5,FMC,?,4,56,1.3,0.75,, $ 62.22 ,420,6.00
KSON ,Orthoscopic,Orthoscopic,10.5,1.25,42,,?,?,7.7,FMC,?,4,40,1.8,1.05,, $ 62.22 ,420,6.00
KSON ,Orthoscopic,Orthoscopic,16.8,1.25,42,,?,?,12.3,FMC,?,4,25,2.8,1.68,, $ 62.22 ,420,6.00
KSON ,Orthoscopic,Orthoscopic,24,1.25,42,,?,?,17.6,FMC,?,4,18,4.0,2.40,, $ 62.22 ,420,6.00
KSON ,Plossl,Plossl,7,1.25,50,,4.9,?,6.1,FMC,?,4,60,1.2,0.83,, $ 32.65 ,420,6.00
KSON ,Plossl,Plossl,25,1.25,50,,17.5,?,21.8,FMC,?,4,17,4.2,2.98,, $ 27.20 ,420,6.00
KSON ,Plossl,Plossl,32,1.25,50,,22.4,?,27.9,FMC,?,4,13,5.3,3.81,, $ 32.65 ,420,6.00
Leica,Aspherical Zoom,Zoom,8.9-17.8,1.25/2.00,57-78,,18.0,?, ,FMC,?,8,N/A,N/A,N/A, , $ 863.27 ,420,6.00
Lunt,"""Solar Eyepieces""  ",Zoom,7.2-21.5,1.25,40-53,,15.0,?, ,FMC,Y,7,N/A,N/A,N/A,, $ 149.00 ,420,6.00
Lunt,"""Solar Eyepieces"", Flat field",Flat Field,8,1.25,53,,10.0,9.6,7.4,FMC,Y,4,53,1.3,1.31,, $ 79.00 ,420,6.00
Lunt,"""Solar Eyepieces"", Flat field",Flat Field,12,1.25,60,,11.0,15.2,12.6,FMC,Y,5,35,2.0,2.07,, $ 79.00 ,420,6.00
Lunt,"""Solar Eyepieces"", Flat field",Flat Field,16,1.25,60,,15.0,16.5,16.8,FMC,Y,5,26,2.7,2.25,, $ 79.00 ,420,6.00
Lunt,"""Solar Eyepieces"", Flat field",Flat Field,19,1.25,65,,12.0,21.2,21.6,FMC,Y,5,22,3.2,2.89,, $ 79.00 ,420,6.00
Lunt,"""Solar Eyepieces"", Flat field",Flat Field,27,1.25,55,,18.0,24.4,25.9,FMC,Y,5,16,4.5,3.33,, $ 79.00 ,420,6.00
Masuyama,Masuyama,General Use,45,2.00,53,508,12.0,32.0,41.6,FMC,Y,5,9,7.5,4.37,, $ 395.00 ,420,6.00
Masuyama,Masuyama,General Use,50,2.00,53,570,12.0,40.0,46.3,FMC,Y,5,8,8.3,5.46,, $ 495.00 ,420,6.00
Masuyama,Masuyama,General Use,60,2.00,46,600,18.0,46.5,48.2,FMC,Y,5,7,10.0,6.34,, $ 595.00 ,420,6.00
Masuyama,Masuyama,General Use,80,3.00,52,1700,?,70.0,72.6,FMC,Y,3,5,13.3,9.55,," $ 1,799.00 ",420,6.00
Masuyama,Masuyama,UltraWideField,10,1.25,85,100,6.5,14.2,14.8,FMC,Y,5,42,1.7,1.94,, $ 199.00 ,420,6.00
Masuyama,Masuyama,UltraWideField,16,1.25,85,138,10.0,23.5,23.7,FMC,Y,5,26,2.7,3.21,, $ 229.00 ,420,6.00
Masuyama,Masuyama,UltraWideField,20,2.00,85,304,12.5,29.4,29.7,FMC,Y,5,21,3.3,4.01,, $ 259.00 ,420,6.00
Masuyama,Masuyama,UltraWideField,26,2.00,85,380,16.0,38.4,38.6,FMC,Y,5,16,4.3,5.24,, $ 289.00 ,420,6.00
Masuyama,Masuyama,UltraWideField,32,2.00,85,450,20.0,47.0,47.5,FMC,Y,5,13,5.3,6.41,, $ 329.00 ,420,6.00
Masuyama,Orthoscopic,Orthoscopic,4,1.25,42,,3.4,2.6,2.9,FMC,Y,4,105,0.7,0.35,, $ 119.00 ,420,6.00
Masuyama,Orthoscopic,Orthoscopic,5,1.25,42,,4.0,3.4,3.7,FMC,Y,4,84,0.8,0.46,, $ 119.00 ,420,6.00
Masuyama,Orthoscopic,Orthoscopic,9,1.25,42,,8.0,?,6.6,FMC,Y,4,47,1.5,0.90,, $ 104.00 ,420,6.00
Masuyama,Orthoscopic,Orthoscopic,12.5,1.25,42,,10.0,9.2,9.2,FMC,Y,4,34,2.1,1.26,, $ 104.00 ,420,6.00
Masuyama,Orthoscopic,Orthoscopic,18,1.25,42,,15.0,?,13.2,FMC,Y,4,23,3.0,1.80,, $ 104.00 ,420,6.00
Masuyama,Orthoscopic,Orthoscopic,25,1.25,42,,22.2,17.4,18.3,FMC,Y,4,17,4.2,2.37, , $ 79.00 ,420,6.00
Meade,Mega Wide Angle,Hyperwide field,5,1.25,100,,13.0,?,8.7,FMC,Y,9,84,0.8,1.19,, $ 209.99 ,420,6.00
Meade,Mega Wide Angle,Hyperwide field,10,1.25,100,,19.7,?,17.5,FMC,Y,8,42,1.7,2.38,, $ 209.99 ,420,6.00
Meade,Mega Wide Angle,Hyperwide field,15,2.00,100,,20.0,?,26.2,FMC,Y,8,28,2.5,3.57,, $ 269.99 ,420,6.00
Meade,Mega Wide Angle,Hyperwide field,21,2.00,100,,20.0,?,36.7,FMC,Y,7,20,3.5,5.00,, $ 269.99 ,420,6.00
Meade,Mega Wide Angle,Hyperwide field,26,2.00,83,,21.0,41.0,37.7,FMC,Y,7,16,4.3,5.59,, $ 309.99 ,420,6.00
Meade,Series 4000 Zoom,Zoom,8-24,1.25,40-60,206,15-18,?, ,FMC,?,6,N/A,N/A,N/A,, $ 84.99 ,420,6.00
Meade,Series 5000 PWA,UltraWideField,4,1.25,82,,12.0,7.5,5.7,FMC,Y,7,105,0.7,1.02,, $ 159.99 ,420,6.00
Meade,Series 5000 PWA,UltraWideField,7,1.25,82,,12.0,?,10.0,FMC,Y,7,60,1.2,1.37,, $ 159.99 ,420,6.00
Meade,Series 5000 PWA,UltraWideField,16,1.25,82,,12.0,21.2,22.9,FMC,Y,7,26,2.7,2.89,, $ 199.99 ,420,6.00
Meade,Series 5000 PWA,UltraWideField,28,2.00,82,,18.0,38.6,40.1,FMC,Y,6,15,4.7,5.27,, $ 259.99 ,420,6.00
Meade,Series 5000 UHD,Wide-Field,10,1.25,60,,16.0,14.7,10.5,FMC,Y,5,42,1.7,2.01,, $ 119.99 ,420,6.00
Meade,Series 5000 UHD,Wide-Field,15,1.25,65,,16.0,19.6,17.0,FMC,Y,8,28,2.5,2.67,, $ 119.99 ,420,6.00
Meade,Series 5000 UHD,Wide-Field,18,1.25,65,,20.0,23.4,20.4,FMC,Y,8,23,3.0,3.19,, $ 119.99 ,420,6.00
Meade,Series 5000 UHD,Wide-Field,24,1.25,65,,29.0,27.3,27.2,FMC,Y,8,18,4.0,3.72,, $ 199.99 ,420,6.00
Meade,Series 5000 UHD,Wide-Field,30,2.00,70,,22.0,38.0,36.7,FMC,Y,9,14,5.0,5.18,, $ 209.99 ,420,6.00
Meade,Series4000SuperPlossl,Plossl,6.4,1.25,52,,4.5,5.3,5.8,FMC,Y,4,66,1.1,0.72,, $ 31.99 ,420,6.00
Meade,Series4000SuperPlossl,Plossl,9.7,1.25,52,,6.8,7.7,8.8,FMC,Y,4,43,1.6,1.04,, $ 31.99 ,420,6.00
Meade,Series4000SuperPlossl,Plossl,12.4,1.25,52,,8.7,?,11.3,FMC,Y,4,34,2.1,1.54,, $ 31.99 ,420,6.00
Meade,Series4000SuperPlossl,Plossl,15,1.25,52,,10.5,?,13.6,FMC,Y,4,28,2.5,1.86,, $ 34.99 ,420,6.00
Meade,Series4000SuperPlossl,Plossl,20,1.25,52,,14.0,?,18.2,FMC,Y,4,21,3.3,2.48,, $ 36.99 ,420,6.00
Meade,Series4000SuperPlossl,Plossl,26,1.25,52,,18.2,22.0,23.6,FMC,Y,4,16,4.3,3.00,, $ 36.99 ,420,6.00
Meade,Series4000SuperPlossl,Plossl,32,1.25,50,,22.4,?,27.9,FMC,Y,4,13,5.3,3.81,, $ 52.99 ,420,6.00
Meade,Series4000SuperPlossl,Plossl,40,1.25,40,,28.0,?,27.9,FMC,Y,4,11,6.7,3.81,, $ 54.99 ,420,6.00
Meade,Series4000SuperPlossl,Plossl,56,2.00,52,,30.0,?,50.8,FMC,Y,4,8,9.3,6.93,, $ 85.99 ,420,6.00
Meade,Wide Angle Aspheric,?,4/10/23,1.25,62,,?,?,,FC,?,"3,4",N/A,N/A,N/A,, $ 34.99 ,420,6.00
Meopta,Zoom,Zoom,7.3-14.6,2.00,66,,?,?, ,FMC,?,?,N/A,N/A,N/A, , $ 516.33 ,420,6.00
Meoptex,Amazon/eBay seller of many inexpensive Chinese clones, , , , ,, , ,#VALUE!, , , ,N/A,N/A,N/A,,   ,420,6.00
Nikon,NAV-HW,UltraWideField,12.5,1.25/2.00,102,670,16.0,22.5,22.3,FMC,Y,10,34,2.1,3.07,, $ 910.00 ,420,6.00
Nikon,NAV-HW,UltraWideField,17,2.00,102,950,16.0,30.1,30.3,FMC,Y,10,25,2.8,4.11,, $ 910.00 ,420,6.00
Nikon,NAV-SW,Wide-Field,5,1.25,72,300,18.0,6.3,6.3,FMC,Y,8,84,0.8,0.86,, $ 320.00 ,420,6.00
Nikon,NAV-SW,Wide-Field,7,1.25,72,290,17.0,8.9,8.8,FMC,Y,8,60,1.2,1.21,, $ 320.00 ,420,6.00
Nikon,NAV-SW,Wide-Field,10,1.25,72,300,19.0,12.5,12.6,FMC,Y,8,42,1.7,1.71,, $ 320.00 ,420,6.00
Nikon,NAV-SW,Wide-Field,14,1.25,72,275,18.0,17.6,17.6,FMC,Y,7,30,2.3,2.40,, $ 320.00 ,420,6.00
Nikon,NAV-SW,Wide-Field,17.5,1.25,72,365,26.0,22.0,22.0,FMC,Y,8,24,2.9,3.00,, $ 360.00 ,420,6.00
Oberwerk,Binocular Eyepieces BT (Sold in Pairs Only),Wide-Field,16,1.25,65,,19.0,16.5,18.2,FMC,Y,6,26,2.7,2.25,, $ 149.95 ,420,6.00
Oberwerk,Binocular Eyepieces XL (Pair),Wide-Field,7,1.25,70,,18.0,?,8.6,FMC,Y,8,60,1.2,1.17,, $ 289.95 ,420,6.00
Oberwerk,Binocular Eyepieces XL (Pair),Wide-Field,22,1.25,70,,16.0,?,26.9,FMC,Y,8,19,3.7,3.67,, $ 289.95 ,420,6.00
Omegon,Cronus,General Use,2.5,1.25,58,,16.0,?,2.5,FC,?,5,168,0.4,0.35,59, $ 68.44 ,420,6.00
Omegon,Cronus,General Use,3.2,1.25,58,,16.0,?,3.2,FC,?,5,131,0.5,0.44,59, $ 68.44 ,420,6.00
Omegon,Cronus,General Use,4,1.25,58,,16.0,?,4.0,FC,?,5,105,0.7,0.55,59, $ 68.44 ,420,6.00
Omegon,Cronus,General Use,5,1.25,58,,16.0,?,5.1,FC,?,5,84,0.8,0.69,59, $ 68.44 ,420,6.00
Omegon,Cronus,General Use,6,1.25,58,,16.0,?,6.1,FC,?,5,70,1.0,0.83,59, $ 68.44 ,420,6.00
Omegon,Cronus,General Use,7,1.25,58,,16.0,?,7.1,FC,?,5,60,1.2,0.97,59, $ 68.44 ,420,6.00
Omegon,Cronus,General Use,8,1.25,58,,16.0,?,8.1,FC,?,5,53,1.3,1.10,59, $ 68.44 ,420,6.00
Omegon,Cronus,General Use,9,1.25,58,,16.0,?,9.1,FC,?,5,47,1.5,1.24,59, $ 68.44 ,420,6.00
Omegon,Flatfield,General Use,8,1.25,60,,9.5,9.6,8.4,FMC,Y,7,53,1.3,1.31,89, $ 103.24 ,420,6.00
Omegon,Flatfield,General Use,12,1.25,60,,15.0,15.2,12.6,FMC,Y,7,35,2.0,2.07,89, $ 103.24 ,420,6.00
Omegon,Flatfield,General Use,16,1.25,60,,19.0,16.5,16.8,FMC,Y,6,26,2.7,2.25,89, $ 103.24 ,420,6.00
Omegon,Flatfield,General Use,19,1.25,65,,18.5,21.2,21.6,FMC,Y,5,22,3.2,2.89,89, $ 103.24 ,420,6.00
Omegon,Flatfield,General Use,27,1.25,53,,23.0,24.4,25.0,FMC,Y,5,16,4.5,3.33,89, $ 103.24 ,420,6.00
Omegon,Flatfield ED,General Use,5,1.25,60,,13.0,?,5.2,FMC,Y,5,84,0.8,0.71,119, $ 138.04 ,420,6.00
Omegon,Flatfield ED,General Use,8,1.25,60,,13.0,?,8.4,FMC,Y,6,53,1.3,1.14,119, $ 138.04 ,420,6.00
Omegon,Flatfield ED,General Use,12,1.25,60,,13.0,?,12.6,FMC,Y,6,35,2.0,1.71,119, $ 138.04 ,420,6.00
Omegon,Flatfield ED,General Use,15,1.25,60,,15.0,?,15.7,FMC,Y,6,28,2.5,2.14,119, $ 138.04 ,420,6.00
Omegon,Flatfield ED,General Use,18,1.25,60,,13.0,?,18.8,FMC,Y,5,23,3.0,2.57,119, $ 138.04 ,420,6.00
Omegon,Flatfield ED,General Use,25,1.25,60,,15.0,?,26.2,FMC,Y,5,17,4.2,3.57,119, $ 138.04 ,420,6.00
Omegon,LE Planetary,LER,3,1.25,55,,20.0,?,2.9,FMC,Y,7,140,0.5,0.39,99, $ 114.84 ,420,6.00
Omegon,LE Planetary,LER,5,1.25,55,,20.0,?,4.8,FMC,Y,7,84,0.8,0.65,99, $ 114.84 ,420,6.00
Omegon,LE Planetary,LER,6,1.25,55,,20.0,?,5.8,FMC,Y,7,70,1.0,0.79,99, $ 114.84 ,420,6.00
Omegon,LE Planetary,LER,9,1.25,55,,20.0,?,8.6,FMC,Y,7,47,1.5,1.18,99, $ 114.84 ,420,6.00
Omegon,LE Planetary,LER,14.5,1.25,55,,20.0,?,13.9,FMC,Y,7,29,2.4,1.90,99, $ 114.84 ,420,6.00
Omegon,LE Planetary,LER,18,1.25,55,,20.0,?,17.3,FMC,Y,5,23,3.0,2.36,99, $ 114.84 ,420,6.00
Omegon,Magnum Zoom,Zoom,8-24,1.25,40-60,,15-18,?, ,FMC,?,4,N/A,N/A,N/A,59.9, $ 69.48 ,420,6.00
Omegon,Oberon,UltraWideField,7,1.25,82,,12.0,?,10.0,FMC,?,?,60,1.2,1.37,119, $ 138.04 ,420,6.00
Omegon,Oberon,UltraWideField,10,1.25,82,,12.0,?,14.3,FMC,?,?,42,1.7,1.95,119, $ 138.04 ,420,6.00
Omegon,Oberon,UltraWideField,15,1.25,82,,17.0,?,21.5,FMC,?,?,28,2.5,2.93,119, $ 138.04 ,420,6.00
Omegon,Oberon,UltraWideField,19,2.00,82,,20.0,?,27.2,FMC,?,?,22,3.2,3.71,149, $ 172.84 ,420,6.00
Omegon,Oberon,UltraWideField,23,2.00,82,,20.0,?,32.9,FMC,?,?,18,3.8,4.49,189, $ 219.24 ,420,6.00
Omegon,Oberon,UltraWideField,32,2.00,82,,27.0,?,45.8,FMC,?,?,13,5.3,6.25,119, $ 138.04 ,420,6.00
Omegon,Ortho,Orthoscopic,10.5,1.25,48,,?,?,8.8,FMC,?,4,40,1.8,1.20,59, $ 68.44 ,420,6.00
Omegon,Ortho,Orthoscopic,16.8,1.25,48,,?,?,14.1,FMC,?,4,25,2.8,1.92,59, $ 68.44 ,420,6.00
Omegon,Ortho,Orthoscopic,24,1.25,48,,?,?,20.1,FMC,?,4,18,4.0,2.74,59, $ 68.44 ,420,6.00
Omegon,Panorama II,Hyperwide field,5,1.25,100,,13.0,?,8.7,FMC,Y,9,84,0.8,1.19,199, $ 230.84 ,420,6.00
Omegon,Panorama II,Hyperwide field,10,1.25,100,,19.7,?,17.5,FMC,Y,8,42,1.7,2.38,199, $ 230.84 ,420,6.00
Omegon,Panorama II,Hyperwide field,15,2.00,100,,20.0,?,26.2,FMC,Y,8,28,2.5,3.57,229, $ 265.64 ,420,6.00
Omegon,Panorama II,Hyperwide field,21,2.00,100,,20.0,?,36.7,FMC,Y,7,20,3.5,5.00,229, $ 265.64 ,420,6.00
Omegon,Plossl,Plossl,4,1.25,50,,2.8,?,3.5,FMC,?,4,105,0.7,0.48,41.9, $ 48.60 ,420,6.00
Omegon,Plossl,Plossl,6.3,1.25,50,,4.4,?,5.5,FMC,?,4,67,1.1,0.75,29.9, $ 34.68 ,420,6.00
Omegon,Plossl,Plossl,10,1.25,50,,7.0,?,8.7,FMC,?,4,42,1.7,1.19,29.9, $ 34.68 ,420,6.00
Omegon,Plossl,Plossl,12.5,1.25,50,,8.8,?,10.9,FMC,?,4,34,2.1,1.49,29.9, $ 34.68 ,420,6.00
Omegon,Plossl,Plossl,15,1.25,50,,10.5,?,13.1,FMC,?,4,28,2.5,1.79,29.9, $ 34.68 ,420,6.00
Omegon,Plossl,Plossl,17,1.25,50,,11.9,?,14.8,FMC,?,4,25,2.8,2.02,29.9, $ 34.68 ,420,6.00
Omegon,Plossl,Plossl,20,1.25,50,,14.0,?,17.5,FMC,?,4,21,3.3,2.38,29.9, $ 34.68 ,420,6.00
Omegon,Plossl,Plossl,25,1.25,50,,17.5,?,21.8,FMC,?,4,17,4.2,2.98,29.9, $ 34.68 ,420,6.00
Omegon,Plossl,Plossl,32,1.25,50,,22.4,?,27.9,FMC,?,4,13,5.3,3.81,29.9, $ 34.68 ,420,6.00
Omegon,Plossl,Plossl,40,1.25,40,,28.0,?,27.9,FMC,?,4,11,6.7,3.81,29.9, $ 34.68 ,420,6.00
Omegon,Premium,Zoom,7.2-21.5,1.25,40-53,,?-15,?, ,FMC,Y,7,N/A,N/A,N/A,159, $ 184.44 ,420,6.00
Omegon,Premium,Zoom,7.5-22.5,1.25,42-66,255,18.5-19,?, ,FMC,Y,8,N/A,N/A,N/A,299, $ 346.84 ,420,6.00
Omegon,Redline,Wide-Field,3.5,1.25/2.00,70,,20.0,?,4.3,FMC,Y,8,120,0.6,0.58,129, $ 149.64 ,420,6.00
Omegon,Redline,Wide-Field,5,1.25/2.00,70,,20.0,?,6.1,FMC,Y,8,84,0.8,0.83,129, $ 149.64 ,420,6.00
Omegon,Redline,Wide-Field,8,1.25/2.00,70,,20.0,?,9.8,FMC,Y,8,53,1.3,1.33,129, $ 149.64 ,420,6.00
Omegon,Redline,Wide-Field,13,1.25/2.00,70,,20.0,?,15.9,FMC,Y,8,32,2.2,2.17,129, $ 149.64 ,420,6.00
Omegon,Redline,Wide-Field,17,2.00,70,,20.0,?,20.8,FMC,Y,8,25,2.8,2.83,129, $ 149.64 ,420,6.00
Omegon,Redline,Wide-Field,22,2.00,70,,20.0,?,26.9,FMC,Y,8,19,3.7,3.67,149, $ 172.84 ,420,6.00
Omegon,Redline,Wide-Field,32,2.00,70,,20.0,40.0,39.1,FMC,Y,8,13,5.3,5.46,129, $ 149.64 ,420,6.00
Omegon,Super LE  ,LER,9,1.25,68,,20.0,?,10.7,FMC,Y,8,47,1.5,1.46,189, $ 219.24 ,420,6.00
Omegon,Super LE  ,LER,12,1.25,68,,20.0,?,14.2,FMC,Y,8,35,2.0,1.94,189, $ 219.24 ,420,6.00
Omegon,Super LE  ,LER,14.5,1.25,68,,20.0,?,17.2,FMC,Y,8,29,2.4,2.35,189, $ 219.24 ,420,6.00
Omegon,Super LE  ,LER,18,1.25,68,,20.0,?,21.4,FMC,Y,8,23,3.0,2.91,189, $ 219.24 ,420,6.00
Omegon,Super LE  (replaces 3.5 and 5mm),LER,7,1.25,68,,20.0,?,8.3,FMC,Y,8,60,1.2,1.13,189, $ 219.24 ,420,6.00
Omegon,Super Plossl,Masuyama?,4,1.25,52,,2.4,?,3.6,FMC,?,5,105,0.7,0.50,34.9, $ 40.48 ,420,6.00
Omegon,Super Plossl,Masuyama?,6.3,1.25,52,,3.8,?,5.7,FMC,?,5,67,1.1,0.78,41.9, $ 48.60 ,420,6.00
Omegon,Super Plossl,Masuyama?,10,1.25,52,,6.0,?,9.1,FMC,?,5,42,1.7,1.24,34.9, $ 40.48 ,420,6.00
Omegon,Super Plossl,Masuyama?,15,1.25,52,,9.0,?,13.6,FMC,?,5,28,2.5,1.86,34.9, $ 40.48 ,420,6.00
Omegon,Super Plossl,Masuyama?,17,1.25,52,,10.2,?,15.4,FMC,?,5,25,2.8,2.10,41.9, $ 48.60 ,420,6.00
Omegon,Super Plossl,Masuyama?,20,1.25,52,,12.0,?,18.2,FMC,?,5,21,3.3,2.48,34.9, $ 40.48 ,420,6.00
Omegon,Super Plossl,Masuyama?,26,1.25,52,,15.6,?,23.6,FMC,?,5,16,4.3,3.22,34.9, $ 40.48 ,420,6.00
Omegon,Super Plossl,Masuyama?,32,1.25,50,,19.2,?,27.9,FMC,?,5,13,5.3,3.81,39.9, $ 46.28 ,420,6.00
Omegon,Super Plossl,Masuyama?,40,1.25,40,,24.0,?,27.9,FMC,?,5,11,6.7,3.81,39.9, $ 46.28 ,420,6.00
Omegon,Super Plossl,Plossl,56,2.00,52,,33.6,?,50.8,FMC,?,4,8,9.3,6.93,89, $ 103.24 ,420,6.00
Omegon,Super Plossl ,Zoom,7-21,1.25,30-43,,16-33,?, ,FMC,?,5,N/A,N/A,N/A,69, $ 80.04 ,420,6.00
Omegon,SWA,Wide-Field,10,1.25,70,,8.0,?,12.2,FMC,Y,5,42,1.7,1.67,99, $ 114.84 ,420,6.00
Omegon,SWA,Wide-Field,15,1.25,70,,10.0,?,18.3,FMC,Y,5,28,2.5,2.50,119, $ 138.04 ,420,6.00
Omegon,SWA,Wide-Field,20,1.25,70,,10.0,?,24.4,FMC,Y,5,21,3.3,3.33,99, $ 114.84 ,420,6.00
Omegon,SWA,Wide-Field,26,2.00,70,,18.0,?,31.8,FMC,Y,5,16,4.3,4.33,139, $ 161.24 ,420,6.00
Omegon,SWA,Wide-Field,32,2.00,70,,20.0,?,39.1,FMC,Y,5,13,5.3,5.33,139, $ 161.24 ,420,6.00
Omegon,SWA,Wide-Field,38,2.00,70,,23.0,?,46.4,FMC,Y,5,11,6.3,6.33,139, $ 161.24 ,420,6.00
Omegon,UWA,Wide-Field,6,1.25,66,,14.8,?,6.9,FMC,?,?,70,1.0,0.94,59, $ 68.44 ,420,6.00
Omegon,UWA,Wide-Field,9,1.25,66,,15.0,?,10.4,FMC,?,?,47,1.5,1.41,59, $ 68.44 ,420,6.00
Omegon,UWA,Wide-Field,15,1.25,66,,13.0,?,17.3,FMC,?,?,28,2.5,2.36,59, $ 68.44 ,420,6.00
Omegon,UWA,Wide-Field,20,1.25,66,,18.0,?,23.0,FMC,?,?,21,3.3,3.14,59, $ 68.44 ,420,6.00
OpticStar (Opticstar Brand),Long Eye Relief Widefield,Wide-Field,6,1.25,66,,14.8,?,6.9,FMC,Y,5,70,1.0,0.94,30, $ 37.50 ,420,6.00
OpticStar (Opticstar Brand),Long Eye Relief Widefield,Wide-Field,9,1.25,66,,15.0,?,10.4,FMC,Y,5,47,1.5,1.41,30, $ 37.50 ,420,6.00
OpticStar (Opticstar Brand),Long Eye Relief Widefield,Wide-Field,15,1.25,66,,13.0,?,17.3,FMC,Y,5,28,2.5,2.36,30, $ 37.50 ,420,6.00
OpticStar (Opticstar Brand),Long Eye Relief Widefield,Wide-Field,20,1.25,70,,17.0,?,24.4,FMC,Y,5,21,3.3,3.33,30, $ 37.50 ,420,6.00
OpticStar (Opticstar Brand),XL Ultra Wide Angle,UltraWideField,4.7,1.25,82,213,14.0,6.9,6.7,FMC,Y,7,89,0.8,0.94,115, $ 143.75 ,420,6.00
OpticStar (Opticstar Brand),XL Ultra Wide Angle,UltraWideField,6.7,1.25,82,227,14.0,9.5,9.6,FMC,Y,7,63,1.1,1.30,115, $ 143.75 ,420,6.00
OpticStar (Opticstar Brand),XL Ultra Wide Angle,UltraWideField,8.8,1.25,82,227,14.0,12.4,12.6,FMC,Y,7,48,1.5,1.69,125, $ 156.25 ,420,6.00
OpticStar (Opticstar Brand),XL Ultra Wide Angle,UltraWideField,11,1.25,82,284,15.0,15.9,15.7,FMC,Y,7,38,1.8,2.17,125, $ 156.25 ,420,6.00
OpticStar (Opticstar Brand),XL Ultra Wide Angle,UltraWideField,14,1.25,82,256,15.0,18.9,20.0,FMC,Y,7,30,2.3,2.58,139, $ 173.75 ,420,6.00
OpticStar (Opticstar Brand),XL Ultra Wide Angle,UltraWideField,18,2.00,82,398,13.0,25.3,25.8,FMC,Y,6,23,3.0,3.45,149, $ 186.25 ,420,6.00
OpticStar (Opticstar Brand),XL Ultra Wide Angle,UltraWideField,24,2.00,82,727,17.0,33.5,34.3,FMC,Y,6,18,4.0,4.57,209, $ 261.25 ,420,6.00
OpticStar (Opticstar Brand),XL Ultra Wide Angle,UltraWideField,30,2.00,82,1000,21.0,43.0,42.9,FMC,Y,6,14,5.0,5.87,269, $ 336.25 ,420,6.00
OpticStar (Opticstar Brand),XS Super Wide angle,Wide-Field,10,1.25,70,,,?,12.2,FMC,Y,5,42,1.7,1.67,40, $ 50.00 ,420,6.00
OpticStar (Opticstar Brand),XS Super Wide angle,Wide-Field,15,1.25,70,,,?,18.3,FMC,Y,5,28,2.5,2.50,45, $ 56.25 ,420,6.00
OpticStar (Opticstar Brand),XS Super Wide angle,Wide-Field,20,1.25,70,,,?,24.4,FMC,Y,5,21,3.3,3.33,50, $ 62.50 ,420,6.00
OpticStar (Opticstar Brand),XS Super Wide angle,Wide-Field,26,2.00,70,,,?,31.8,FMC,Y,5,16,4.3,4.33,65, $ 81.25 ,420,6.00
OpticStar (Opticstar Brand),XS Super Wide angle,Wide-Field,32,2.00,70,,,?,39.1,FMC,Y,5,13,5.3,5.33,70, $ 87.50 ,420,6.00
OpticStar (Opticstar Brand),XS Super Wide angle,Wide-Field,38,2.00,70,,,?,46.4,FMC,Y,5,11,6.3,6.33,75, $ 93.75 ,420,6.00
OpticStar (Opticstar Brand),Zoom,Zoom,7.2-21.5,1.25,40-60,155,15.0,?, ,FMC,Y,7,N/A,N/A,N/A,130, $ 162.50 ,420,6.00
OpticStar (Opticstar Brand),Zoom,Zoom,7.5-22.5,1.25,42-66,255,18-19.5,?, ,FMC,Y,8,N/A,N/A,N/A,175, $ 218.75 ,420,6.00
OpticStar(Ascension Brand),ED   ,General Use,7.5,1.25,55,,20.0,?,7.2,FMC,?,6,56,1.3,0.98,55, $ 68.75 ,420,6.00
OpticStar(Ascension Brand),ED   ,General Use,9.5,1.25,55,,20.0,?,9.1,FMC,?,6,44,1.6,1.24,55, $ 68.75 ,420,6.00
OpticStar(Ascension Brand),ED   ,General Use,14,1.25,55,,20.0,?,13.4,FMC,?,6,30,2.3,1.83,55, $ 68.75 ,420,6.00
OpticStar(Ascension Brand),ED   ,General Use,18,1.25,55,,20.0,?,17.3,FMC,?,6,23,3.0,2.36,55, $ 68.75 ,420,6.00
OpticStar(Ascension Brand),ED   ,General Use,21,1.25,55,,20.0,?,20.2,FMC,?,6,20,3.5,2.75,55, $ 68.75 ,420,6.00
OpticStar(Ascension Brand),Super Plossl,Plossl,4,1.25,52,,2.8,?,3.6,FMC,Y,4,105,0.7,0.50,19, $ 23.75 ,420,6.00
OpticStar(Ascension Brand),Super Plossl,Plossl,6.5,1.25,52,,4.6,?,5.9,FMC,Y,4,65,1.1,0.80,20, $ 25.00 ,420,6.00
OpticStar(Ascension Brand),Super Plossl,Plossl,10,1.25,52,,7.0,?,9.1,FMC,Y,4,42,1.7,1.24,22, $ 27.50 ,420,6.00
OpticStar(Ascension Brand),Super Plossl,Plossl,12.5,1.25,52,,8.8,?,11.3,FMC,Y,4,34,2.1,1.55,23, $ 28.75 ,420,6.00
OpticStar(Ascension Brand),Super Plossl,Plossl,15,1.25,52,,10.5,?,13.6,FMC,Y,4,28,2.5,1.86,24, $ 30.00 ,420,6.00
OpticStar(Ascension Brand),Super Plossl,Plossl,20,1.25,52,,14.0,?,18.2,FMC,Y,4,21,3.3,2.48,25, $ 31.25 ,420,6.00
OpticStar(Ascension Brand),Super Plossl,Plossl,25,1.25,52,,17.5,?,22.7,FMC,Y,4,17,4.2,3.10,26, $ 32.50 ,420,6.00
OpticStar(Ascension Brand),Super Plossl,Plossl,30,1.25,52,,21.0,?,27.2,FMC,Y,4,14,5.0,3.71,28, $ 35.00 ,420,6.00
OpticStar(Ascension Brand),Super Plossl,Plossl,40,1.25,40,,28.0,?,27.9,FMC,Y,4,11,6.7,3.81,30, $ 37.50 ,420,6.00
"Orbinar (from Seben),EU/UK, eBay/Amazon seller",Private label various Chinese clones, , , , ,, ,?, , , , ,N/A,N/A,N/A,,   ,420,6.00
Orion,DeepView,Kellner,28,2.00,56,,20.0,27.0,27.4,MC,Y,3,15,4.7,3.68,, $ 79.99 ,420,6.00
Orion,DeepView,Kellner,35,2.00,56,,20.0,37.0,34.2,MC,Y,3,12,5.8,5.05,, $ 79.99 ,420,6.00
Orion,DeepView,Kellner,42,2.00,52,,20.0,38.0,38.1,MC,Y,3,10,7.0,5.18,, $ 89.99 ,420,6.00
Orion,Edge-On Planetary,Planetary,3,1.25,55,,20.0,?,2.9,FMC,Y,7,140,0.5,0.39,, $ 99.99 ,420,6.00
Orion,Edge-On Planetary,Planetary,5,1.25,55,,20.0,5.6,4.8,FMC,Y,7,84,0.8,0.76,, $ 99.99 ,420,6.00
Orion,Edge-On Planetary,Planetary,6,1.25,55,,20.0,8.7,5.8,FMC,Y,7,70,1.0,1.19,, $ 99.99 ,420,6.00
Orion,Edge-On Planetary,Planetary,9,1.25,55,,20.0,9.3,8.6,FMC,Y,7,47,1.5,1.27,, $ 99.99 ,420,6.00
Orion,Edge-On Planetary,Planetary,12.5,1.25,55,,20.0,11.7,12.0,FMC,Y,7,34,2.1,1.60,, $ 99.99 ,420,6.00
Orion,Edge-On Planetary,Planetary,14.5,1.25,55,,20.0,15.6,13.9,FMC,Y,7,29,2.4,2.13,, $ 99.99 ,420,6.00
Orion,EF,Flat Field,8,1.25,60,,9.5,9.6,8.4,FMC,Y,7,53,1.3,1.31,, $ 79.99 ,420,6.00
Orion,EF,Flat Field,12,1.25,60,,15.0,15.2,12.6,FMC,Y,7,35,2.0,2.07,, $ 79.99 ,420,6.00
Orion,EF,Flat Field,16,1.25,60,,19.0,16.5,16.8,FMC,Y,6,26,2.7,2.25,, $ 79.99 ,420,6.00
Orion,EF,Flat Field,19,1.25,65,,18.5,21.2,21.6,FMC,Y,5,22,3.2,2.89,, $ 79.99 ,420,6.00
Orion,EF,Flat Field,27,1.25,53,,23.0,24.4,25.0,FMC,Y,5,16,4.5,3.33,, $ 79.99 ,420,6.00
Orion,E-Series,Kellner,3.6,1.25,40,,5.0,?,2.5,FC,Y,4,117,0.6,0.34,, $ 24.99 ,420,6.00
Orion,E-Series,Kellner,6.3,1.25,46,,8.0,?,5.1,FC,Y,3,67,1.1,0.69,, $ 24.99 ,420,6.00
Orion,E-Series Zoom,Zoom,7-21,1.25,40-57,142,16.3-18,?,?,FMC,N,6,N/A,N/A,N/A,, $ 62.99 ,420,6.00
Orion,Expanse,Wide-Field,6,1.25,66,,14.8,8.0,6.9,MC,Y,5,70,1.0,1.09,, $ 49.99 ,420,6.00
Orion,Expanse,Wide-Field,9,1.25,66,,15.0,15.0,10.4,MC,Y,6,47,1.5,2.05,, $ 49.99 ,420,6.00
Orion,Expanse,Wide-Field,15,1.25,66,,13.0,17.0,17.3,MC,Y,4,28,2.5,2.32,, $ 49.99 ,420,6.00
Orion,Expanse,Wide-Field,20,1.25,66,,18.0,23.5,23.0,MC,Y,4,21,3.3,3.21,, $ 49.99 ,420,6.00
Orion,Lanthanum Zoom,Zoom,8-24,1.25,40-60,,20.0,?, ,FMC,N,8,N/A,N/A,N/A,, $ 199.99 ,420,6.00
Orion,LHD,UltraWideField,4,1.25,80,,20.0,?,5.6,FMC,Y,8,105,0.7,0.76,, $ 279.99 ,420,6.00
Orion,LHD,UltraWideField,6,1.25,80,,20.0,?,8.4,FMC,Y,8,70,1.0,1.14,, $ 279.99 ,420,6.00
Orion,LHD,UltraWideField,9,1.25,80,,20.0,?,12.6,FMC,Y,8,47,1.5,1.71,, $ 279.99 ,420,6.00
Orion,LHD,UltraWideField,14,2.00,80,,20.0,?,19.5,FMC,Y,8,30,2.3,2.67,, $ 279.99 ,420,6.00
Orion,LHD,UltraWideField,20,2.00,80,,20.0,?,27.9,FMC,Y,8,21,3.3,3.81,, $ 279.99 ,420,6.00
Orion,Q70,Wide-Field,26,2.00,70,,20.0,32.3,31.8,FMC,Y,5,16,4.3,4.41,, $ 99.99 ,420,6.00
Orion,Q70,Wide-Field,32,2.00,70,,24.0,40.0,39.1,FMC,Y,5,13,5.3,5.46,, $ 99.99 ,420,6.00
Orion,Q70,Wide-Field,38,2.00,70,,28.0,45.7,46.4,FMC,Y,5,11,6.3,6.23,, $ 119.99 ,420,6.00
Orion,Sirius,Plossl,6.3,1.25,52,,4.1,5.0,5.7,MC,Y,4,67,1.1,0.68,, $ 34.99 ,420,6.00
Orion,Sirius,Plossl,7.5,1.25,52,,4.9,5.8,6.8,MC,Y,4,56,1.3,0.79,, $ 34.99 ,420,6.00
Orion,Sirius,Plossl,10,1.25,52,,6.5,8.0,9.1,MC,Y,4,42,1.7,1.09,, $ 34.99 ,420,6.00
Orion,Sirius,Plossl,12.5,1.25,52,,8.1,10.2,11.3,MC,Y,4,34,2.1,1.39,, $ 36.99 ,420,6.00
Orion,Sirius,Plossl,17,1.25,52,,11.0,17.1,15.4,MC,Y,4,25,2.8,2.33,, $ 36.99 ,420,6.00
Orion,Sirius,Plossl,20,1.25,52,,13.0,17.4,18.2,MC,Y,4,21,3.3,2.37,, $ 36.99 ,420,6.00
Orion,Sirius,Plossl,25,1.25,52,,16.9,24.1,22.7,MC,Y,4,17,4.2,3.29,, $ 39.99 ,420,6.00
Orion,Sirius,Plossl,32,1.25,50,,20.0,27.0,27.9,MC,Y,4,13,5.3,3.68,, $ 44.99 ,420,6.00
Orion,Sirius,Plossl,40,1.25,40,,28.0,27.0,27.9,MC,Y,4,11,6.7,3.68,, $ 44.99 ,420,6.00
Orion,Ultra Flat,Wide-Field,10,1.25,65,85,16.0,14.7,11.3,FMC,Y,5,42,1.7,2.01,, $ 99.99 ,420,6.00
Orion,Ultra Flat,Wide-Field,15,1.25,65,142,16.0,19.6,17.0,FMC,Y,8,28,2.5,2.67,, $ 129.99 ,420,6.00
Orion,Ultra Flat,Wide-Field,24,1.25,65,369,29.0,27.5,27.2,FMC,Y,8,18,4.0,3.75,, $ 199.99 ,420,6.00
Orion,Zoom,Zoom,7.2-21.6,1.25,42-65,,18-20,?,,FMC,Y,7,N/A,N/A,N/A,, $ 129.99 ,420,6.00
Orion,Zooom!,Zoom,7.2-21.5,1.25,40-60,155,15.0,?, ,FMC,Y,7,N/A,N/A,N/A,, $ 169.99 ,420,6.00
Ostara UK--eBay/Amazon seller,Private label various Chinese clones, , , , ,, ,?, , , , ,N/A,N/A,N/A,,   ,420,6.00
OVL (First Light Optics),Aero ED,Wide-Field,30,2.00,68,,16.7,?,35.6,FMC,Y,6,14,5.0,4.86,95, $ 113.05 ,420,6.00
OVL (First Light Optics),Aero ED,Wide-Field,35,2.00,68,,17.5,?,41.5,FMC,Y,6,12,5.8,5.67,99, $ 117.81 ,420,6.00
OVL (First Light Optics),Aero ED,Wide-Field,40,2.00,68,,20.0,?,47.5,FMC,Y,6,11,6.7,6.48,99, $ 117.81 ,420,6.00
OVL (First Light Optics),Extra Flat,General Use,16,1.25,60,,17.0,16.5,16.8,FMC,Y,6,26,2.7,2.25,65, $ 77.35 ,420,6.00
OVL (First Light Optics),Extra Flat,General Use,19,1.25,65,,19.0,21.2,21.6,FMC,Y,5,22,3.2,2.89,65, $ 77.35 ,420,6.00
OVL (First Light Optics),Extra Flat,General Use,27,1.25,53,,23.0,24.4,25.0,FMC,Y,5,16,4.5,3.33,65, $ 77.35 ,420,6.00
OVL (First Light Optics),Hyperflex Zoom,Zoom,9-27,1.25,40-60,,18.0,?, ,FMC,Y,7,N/A,N/A,N/A,99, $ 117.81 ,420,6.00
OVL (First Light Optics),Hyperflex Zoom,Zoom,7.2-21.5,1.25,40-60,155,15.0,?, ,FMC,Y,7,N/A,N/A,N/A,89, $ 105.91 ,420,6.00
OVL (First Light Optics),Nirvana 82°,UltraWideField,4,1.25,82,,12.0,7.5,5.7,FMC,Y,7,105,0.7,1.02,85, $ 101.15 ,420,6.00
OVL (First Light Optics),Nirvana 82°,UltraWideField,7,1.25,82,,12.0,?,10.0,FMC,Y,7,60,1.2,1.37,85, $ 101.15 ,420,6.00
OVL (First Light Optics),Nirvana 82°,UltraWideField,16,1.25,82,,12.0,21.2,22.9,FMC,Y,7,26,2.7,2.89,95, $ 113.05 ,420,6.00
OVL (First Light Optics),Panaview,Wide-Field,26,2.00,70,,20.0,?,31.8,FMC,Y,5,16,4.3,4.33,89, $ 105.91 ,420,6.00
OVL (First Light Optics),Panaview,Wide-Field,32,2.00,70,,24.0,?,39.1,FMC,Y,5,13,5.3,5.33,89, $ 105.91 ,420,6.00
OVL (First Light Optics),Panaview,Wide-Field,38,2.00,70,,28.0,?,46.4,FMC,Y,5,11,6.3,6.33,99, $ 117.81 ,420,6.00
Pentax,SMC-XW,Wide-Field,3.5,1.25,70,405,20.0,4.3,4.3,FMC,Y,8,120,0.6,0.59,, $ 299.95 ,420,6.00
Pentax,SMC-XW,Wide-Field,5,1.25,70,395,20.0,6.2,6.1,FMC,Y,8,84,0.8,0.85,, $ 299.95 ,420,6.00
Pentax,SMC-XW,Wide-Field,7,1.25,70,390,20.0,8.8,8.6,FMC,Y,8,60,1.2,1.20,, $ 299.95 ,420,6.00
Pentax,SMC-XW,Wide-Field,10,1.25,70,390,20.0,12.4,12.2,FMC,Y,7,42,1.7,1.69,, $ 299.95 ,420,6.00
Pentax,SMC-XW,Wide-Field,14,1.25,70,365,20.0,17.6,17.1,FMC,Y,7,30,2.3,2.40,, $ 299.95 ,420,6.00
Pentax,SMC-XW,Wide-Field,20,1.25,70,355,20.0,24.0,24.4,FMC,Y,6,21,3.3,3.27,, $ 299.95 ,420,6.00
Pentax,SMC-XW,Wide-Field,30,2.00,70,700,20.0,36.2,36.7,FMC,Y,7,14,5.0,4.94,, $ 369.95 ,420,6.00
Pentax,SMC-XW,Wide-Field,40,2.00,70,740,20.0,46.5,48.9,FMC,Y,6,11,6.7,6.34,, $ 399.95 ,420,6.00
Pentax,XF ED,General Use,8.5,1.25,60,150,18.0,8.8,8.9,FMC,N,6,49,1.4,1.20,, $ 129.00 ,420,6.00
Pentax,XF ED,General Use,12,1.25,60,155,18.0,12.9,12.6,FMC,N,6,35,2.0,1.76,, $ 129.00 ,420,6.00
Pentax,XF ZOOM,Zoom,6.5-19.5,1.25,60-42,,11-15,?, ,FMC,N,6,N/A,N/A,N/A,, $ 289.95 ,420,6.00
Pentax,XL Zoom,Zoom,8-24,1.25,60-38,,12-18,?, ,FMC,Y,6,N/A,N/A,N/A,, $ 359.95 ,420,6.00
PrimaLuceLab,LE Planetary,Planetary,18,1.25,55,167,20.0,?,17.3,FMC,Y,5,23,3.0,2.36, , $ 68.99 ,420,6.00
Russell Optics (eBay Store),Super plossl,Plossl,32,2.00,60,,20.0,?,33.5,FMC,?,4,13,5.3,4.57,, $ 49.77 ,420,6.00
Russell Optics (eBay Store),Super plossl,Plossl,40,2.00,55,,20.0,?,38.4,FMC,?,4,11,6.7,5.24,, $ 49.77 ,420,6.00
Russell Optics (eBay Store),Super plossl,Plossl,72,2.00,37,,30.0,?,46.5,FMC,?,4,6,12.0,6.34,, $ 69.77 ,420,6.00
Russell Optics (eBay Store),Super plossl,Plossl,80,2.00,32,,40.0,?,44.7,FMC,?,4,5,13.3,6.10,, $ 82.77 ,420,6.00
Russell Optics (eBay Store),Super plossl,Plossl,85,2.00,31,,35.0,?,46.0,FMC,?,4,5,14.2,6.27,, $ 85.00 ,420,6.00
Russell Optics (eBay Store),Super Wide Konig,Konig,18,2.00,65,,?,?,20.4,FMC,?,4,23,3.0,2.79,, $ 62.77 ,420,6.00
Saxon Australia,Cielo HD,General Use,2.3,1.25,60,,16.0,?,2.4,FMC,?,6,183,0.4,0.33,159.95, $ 97.25 ,420,6.00
Saxon Australia,Cielo HD,General Use,4.5,1.25,60,,?,?,4.7,FMC,?,6,93,0.8,0.64,159.95, $ 97.25 ,420,6.00
Saxon Australia,Cielo HD,General Use,6.5,1.25,60,,?,?,6.8,FMC,?,6,65,1.1,0.93,159.95, $ 97.25 ,420,6.00
Saxon Australia,Cielo HD,General Use,9,1.25,60,,?,?,9.4,FMC,?,6,47,1.5,1.29,159.95, $ 97.25 ,420,6.00
Saxon Australia,Cielo HD,General Use,12,1.25,60,,?,?,12.6,FMC,?,6,35,2.0,1.71,159.95, $ 97.25 ,420,6.00
Saxon Australia,Cielo HD,General Use,18,1.25,60,,?,?,18.8,FMC,?,6,23,3.0,2.57,159.95, $ 97.25 ,420,6.00
Saxon Australia,Cielo HD,General Use,25,1.25,60,,?,?,26.2,FMC,?,6,17,4.2,3.57,159.95, $ 97.25 ,420,6.00
Saxon Australia,Plossl,Plossl,6.3,1.25,50,,?,?,5.5,?,?,4,67,1.1,0.75,66.95, $ 40.71 ,420,6.00
Saxon Australia,Plossl,Plossl,10,1.25,50,,?,?,8.7,?,?,4,42,1.7,1.19,66.95, $ 40.71 ,420,6.00
Saxon Australia,Plossl,Plossl,12.5,1.25,50,,?,?,10.9,?,?,4,34,2.1,1.49,66.95, $ 40.71 ,420,6.00
Saxon Australia,Plossl,Plossl,15,1.25,50,,?,?,13.1,?,?,4,28,2.5,1.79,66.95, $ 40.71 ,420,6.00
Saxon Australia,Plossl,Plossl,20,1.25,50,,?,?,17.5,?,?,4,21,3.3,2.38,66.95, $ 40.71 ,420,6.00
Saxon Australia,Plossl,Plossl,25,1.25,50,,?,?,21.8,?,?,4,17,4.2,2.98,66.95, $ 40.71 ,420,6.00
Saxon Australia,Plossl,Plossl,30,1.25,50,,?,?,26.2,?,?,4,14,5.0,3.57,76.95, $ 46.79 ,420,6.00
Saxon Australia,Plossl,Plossl,40,1.25,40,,?,?,27.9,?,?,4,11,6.7,3.81,79.95, $ 48.61 ,420,6.00
Saxon Australia,SWA,Wide-Field,3.5,1.25/2.00,68,,?,?,4.2,FMC,?,8,120,0.6,0.57,219.95, $ 133.73 ,420,6.00
Saxon Australia,SWA,Wide-Field,5,1.25/2.00,68,,?,?,5.9,FMC,?,8,84,0.8,0.81,219.95, $ 133.73 ,420,6.00
Saxon Australia,SWA,Wide-Field,8,1.25/2.00,68,,?,?,9.5,FMC,?,8,53,1.3,1.30,219.95, $ 133.73 ,420,6.00
Saxon Australia,SWA,Wide-Field,13,1.25/2.00,68,,?,?,15.4,FMC,?,8,32,2.2,2.10,219.95, $ 133.73 ,420,6.00
Saxon Australia,SWA,Wide-Field,17,1.25/2.00,68,,?,?,20.2,FMC,?,8,25,2.8,2.75,219.95, $ 133.73 ,420,6.00
Saxon Australia,SWA,Wide-Field,21,1.25/2.00,68,,?,?,24.9,FMC,?,8,20,3.5,3.40,219.95, $ 133.73 ,420,6.00
Saxon Australia,Zoom,Zoom,7-21,1.25,30-43,,?,?, ,FC,y,?,N/A,N/A,N/A,114.95, $ 69.89 ,420,6.00
Saxon Australia,Zoom,Zoom,8-24,1.25,40-60,,?,?, ,FC,y,?,N/A,N/A,N/A,189.95, $ 115.49 ,420,6.00
Saxon UK-eBay/Amazon seller,Private label various Chinese clones,,,,,,,?, ,,,,N/A,N/A,N/A,,,420,6.00
Seben (see Orbinar) the seller of Orbinar,Private label various Chinese clones,,,,,,,?, ,,,4,N/A,N/A,N/A,,,420,6.00
"Sky Mentor (Khan Scope, Canada)",Erecting Eyepiece,Erecting Eypiece,20,1.25,?,,20.0,?, ,?,?,?,21,3.3,N/A,77, $ 54.82 ,420,6.00
"Sky Mentor (Khan Scope, Canada)",Plossl,Plossl,4,1.25,52,,2.8,?,3.6,FMC,?,4,105,0.7,0.50,54, $ 38.45 ,420,6.00
"Sky Mentor (Khan Scope, Canada)",Plossl,Plossl,6,1.25,52,,4.2,?,5.4,FMC,?,4,70,1.0,0.74,54, $ 38.45 ,420,6.00
"Sky Mentor (Khan Scope, Canada)",Plossl,Plossl,9,1.25,52,,6.3,?,8.2,FMC,?,4,47,1.5,1.11,56, $ 39.87 ,420,6.00
"Sky Mentor (Khan Scope, Canada)",Plossl,Plossl,15,1.25,52,,10.5,?,13.6,FMC,?,4,28,2.5,1.86,54, $ 38.45 ,420,6.00
"Sky Mentor (Khan Scope, Canada)",Plossl,Plossl,25,1.25,52,,17.5,?,22.7,FMC,?,4,17,4.2,3.10,54, $ 38.45 ,420,6.00
"Sky Mentor (Khan Scope, Canada)",Plossl,Plossl,40,1.25,40,,28.0,?,27.9,FMC,?,4,11,6.7,3.81,77, $ 54.82 ,420,6.00
"Sky Mentor (Khan Scope, Canada)",Wide Field,Wide-Field,50,2.00,50,,?,?,43.6,FMC,?,5,8,8.3,5.95,121, $ 86.15 ,420,6.00
"Sky Mentor (Khan Scope, Canada)",Zoom,Zoom,7-21,1.25,29-42,,16-32,?, ,FMC,?,?,N/A,N/A,N/A,129.95, $ 92.52 ,420,6.00
"Sky Mentor (Khan Scope, Canada)",Zoom,Zoom,8-24,1.25,40-60,,15-18,?, ,FMC,?,?,N/A,N/A,N/A,143, $ 101.82 ,420,6.00
Sky Optic (France),Private label various Chinese clones,,,,,,,?,,,,,N/A,N/A,N/A,,,420,6.00
"Sky's the Limit, UK  an eBay merchant",Private label various Chinese clones, , , , ,, ,?, , , , ,N/A,N/A,N/A,,   ,420,6.00
Skywatcher,ExtraFlat Wide Angle,Flat Field,16,1.25,60,,17.0,?,16.8,FMC,?,6,26,2.7,2.29,64.99, $ 81.24 ,420,6.00
Skywatcher,ExtraFlat Wide Angle,Flat Field,19,1.25,65,,19.0,?,21.6,FMC,?,5,22,3.2,2.94,64.99, $ 81.24 ,420,6.00
Skywatcher,ExtraFlat Wide Angle,Flat Field,27,1.25,53,,23.0,?,25.0,FMC,?,5,16,4.5,3.41,64.99, $ 81.24 ,420,6.00
Skywatcher,Hyperflex Zoom,Zoom,9-27,1.25,40-60,,18.0,?, ,FMC,Y,7,N/A,N/A,N/A,105, $ 131.25 ,420,6.00
Skywatcher,Hyperflex Zoom,Zoom,7.2-21.5,1.25,40-60,155,15.0,?, ,FMC,Y,7,N/A,N/A,N/A,93, $ 116.25 ,420,6.00
Skywatcher,LET,Plossl,25,1.25,50,,20.0,?,21.8,MC,Y,4,17,4.2,2.98,24.37, $ 30.46 ,420,6.00
Skywatcher,Myriad,Hyper Wide,3.5,1.25/2.00,110,,15.0,?,6.7,FMC,Y,9,120,0.6,0.92,185, $ 231.25 ,420,6.00
Skywatcher,Myriad,Hyper Wide,5,1.25/2.00,110,,15.0,?,9.6,FMC,Y,9,84,0.8,1.31,185, $ 231.25 ,420,6.00
Skywatcher,Nirvana 82,UltraWideField,4,1.25,82,,12.0,7.5,5.7,FMC,Y,7,105,0.7,1.02,89.99, $ 112.49 ,420,6.00
Skywatcher,Nirvana 82,UltraWideField,7,1.25,82,,12.0,?,10.0,FMC,Y,7,60,1.2,1.37,89.99, $ 112.49 ,420,6.00
Skywatcher,Nirvana 82,UltraWideField,16,1.25,82,,12.0,21.2,22.9,FMC,Y,7,26,2.7,2.89,99.99, $ 124.99 ,420,6.00
Skywatcher,Nirvana 82,UltraWideField,28,2.00,82,,18.0,38.6,40.1,FMC,Y,6,15,4.7,5.27,189, $ 236.25 ,420,6.00
Skywatcher,PanaView,Wide-Field,26,2.00,70,,20.0,?,31.8,FMC,Y,5,16,4.3,4.33,95, $ 118.75 ,420,6.00
Skywatcher,PanaView,Wide-Field,32,2.00,70,,24.0,?,39.1,FMC,Y,5,13,5.3,5.33,95, $ 118.75 ,420,6.00
Skywatcher,PanaView,Wide-Field,38,2.00,70,,28.0,?,46.4,FMC,Y,5,11,6.3,6.33,105, $ 131.25 ,420,6.00
Skywatcher,Planetary,General Use,2.5,1.25,58,,5,16.0,2.5,58,FC,?,168,0.4,2.18,54.99, $ 68.74 ,420,6.00
Skywatcher,Planetary,General Use,4,1.25,58,,5,16.0,4.0,58,FC,?,105,0.7,2.18,54.99, $ 68.74 ,420,6.00
Skywatcher,Planetary,General Use,5,1.25,58,,5,16.0,5.1,58,FC,?,84,0.8,2.18,54.99, $ 68.74 ,420,6.00
Skywatcher,Planetary,General Use,6,1.25,58,,5,16.0,6.1,58,FC,?,70,1.0,2.18,54.99, $ 68.74 ,420,6.00
Skywatcher,Planetary,General Use,7,1.25,58,,5,16.0,7.1,58,FC,?,60,1.2,2.18,54.99, $ 68.74 ,420,6.00
Skywatcher,Planetary,General Use,9,1.25,58,,5,16.0,9.1,58,FC,?,47,1.5,2.18,54.99, $ 68.74 ,420,6.00
Skywatcher,Sky Panorama,UltraWideField,23,2.00,82,,?,?,32.9,FMC,?,7,18,3.8,4.49,129, $ 161.25 ,420,6.00
Skywatcher,Super Lens (Super MA),Modified Achromat,3.6,1.25,40,,?,?,2.5,FC,?,3,117,0.6,0.34,15.99, $ 19.99 ,420,6.00
Skywatcher,Super Lens (Super MA),Modified Achromat,10,1.25,52,,?,?,9.1,FC,?,3,42,1.7,1.24,15.99, $ 19.99 ,420,6.00
Skywatcher,Super Lens (Super MA),Modified Achromat,25,1.25,50,,?,?,21.8,FC,?,3,17,4.2,2.98,16.99, $ 21.24 ,420,6.00
Skywatcher,Super Plossl,Plossl,6.3,1.25,52,,4.4,?,5.7,MC,Y,4,67,1.1,0.78,23.99, $ 29.99 ,420,6.00
Skywatcher,Super Plossl,Plossl,7.5,1.25,52,,5.3,?,6.8,MC,Y,4,56,1.3,0.93,23.99, $ 29.99 ,420,6.00
Skywatcher,Super Plossl,Plossl,10,1.25,52,,7.0,?,9.1,MC,Y,4,42,1.7,1.24,24.99, $ 31.24 ,420,6.00
Skywatcher,Super Plossl,Plossl,12.5,1.25,52,,8.8,?,11.3,MC,Y,4,34,2.1,1.55,24.99, $ 31.24 ,420,6.00
Skywatcher,Super Plossl,Plossl,17,1.25,52,,11.9,?,15.4,MC,Y,4,25,2.8,2.10,24.99, $ 31.24 ,420,6.00
Skywatcher,Super Plossl,Plossl,20,1.25,52,,14.0,?,18.2,MC,Y,4,21,3.3,2.48,24.99, $ 31.24 ,420,6.00
Skywatcher,Super Plossl,Plossl,25,1.25,52,,17.5,?,22.7,MC,Y,4,17,4.2,3.10,24.99, $ 31.24 ,420,6.00
Skywatcher,Super Plossl,Plossl,32,1.25,50,,22.4,?,27.9,MC,Y,4,13,5.3,3.81,34.99, $ 43.74 ,420,6.00
Skywatcher,Super Plossl,Plossl,40,1.25,40,,28.0,?,27.9,MC,Y,4,11,6.7,3.81,34.99, $ 43.74 ,420,6.00
Skywatcher,SWA,Wide-Field,3.5,1.25/2.00,70,,20.0,?,4.3,FMC,Y,8,120,0.6,0.58,69.99, $ 87.49 ,420,6.00
Skywatcher,SWA,Wide-Field,5,1.25/2.00,70,,20.0,?,6.1,FMC,Y,8,84,0.8,0.83,69.99, $ 87.49 ,420,6.00
Skywatcher,SWA,Wide-Field,8,1.25/2.00,70,,20.0,?,9.8,FMC,Y,8,53,1.3,1.33,69.99, $ 87.49 ,420,6.00
Skywatcher,SWA,Wide-Field,13,1.25/2.00,70,,20.0,?,15.9,FMC,Y,8,32,2.2,2.17,69.99, $ 87.49 ,420,6.00
Skywatcher,SWA,Wide-Field,17,1.25/2.00,70,,20.0,?,20.8,FMC,Y,8,25,2.8,2.83,69.99, $ 87.49 ,420,6.00
Skywatcher,SWA,Wide-Field,22,2.00,70,,20.0,?,26.9,FMC,Y,8,19,3.7,3.67,69.99, $ 87.49 ,420,6.00
Skywatcher,SWA,Wide-Field,32,2.00,70,,20.0,40.0,39.1,FMC,Y,8,13,5.3,5.46,69.99, $ 87.49 ,420,6.00
Skywatcher,Wide Angle(also called Ultrawide Angle),Wide-Field,6,1.25,66,,14.8,?,6.9,MC,?,?,70,1.0,0.94,39.99, $ 49.99 ,420,6.00
Skywatcher,Wide Angle(also called Ultrawide Angle),Wide-Field,9,1.25,66,,15.0,?,10.4,MC,?,?,47,1.5,1.41,39.99, $ 49.99 ,420,6.00
Skywatcher,Wide Angle(also called Ultrawide Angle),Wide-Field,15,1.25,66,,13.0,?,17.3,MC,?,?,28,2.5,2.36,39.99, $ 49.99 ,420,6.00
Skywatcher,Wide Angle(also called Ultrawide Angle),Wide-Field,20,1.25,66,,18.0,?,23.0,MC,?,?,21,3.3,3.14,39.99, $ 49.99 ,420,6.00
Skywatcher,Zoom,Zoom,7-21,1.25,30-43,,16-33,?, ,FMC,?,?,N/A,N/A,N/A,45, $ 56.25 ,420,6.00
Skywatcher,Zoom,Zoom,8-24,1.25,40-60,,15-18,?, ,FMC,?,?,N/A,N/A,N/A,81.99, $ 102.49 ,420,6.00
Stella Lyra,Long Eye Relief,General Use,3,1.25,55,,20.0,?,2.9,FMC,Y,7,140,0.5,0.39,59, $ 71.39 ,420,6.00
Stella Lyra,Long Eye Relief,General Use,5,1.25,55,,20.0,?,4.8,FMC,Y,7,84,0.8,0.65,59, $ 71.39 ,420,6.00
Stella Lyra,Long Eye Relief,General Use,6,1.25,55,,20.0,?,5.8,FMC,Y,7,70,1.0,0.79,59, $ 71.39 ,420,6.00
Stella Lyra,Long Eye Relief,General Use,9,1.25,55,,20.0,?,8.6,FMC,Y,7,47,1.5,1.18,59, $ 71.39 ,420,6.00
Stella Lyra,Long Eye Relief,General Use,12.5,1.25,55,,20.0,?,12.0,FMC,Y,7,34,2.1,1.64,59, $ 71.39 ,420,6.00
Stella Lyra,RPL,Plössl?,25,1.25,62,,14.0,?,27.1,FMC,?,4,17,4.2,3.69,89, $ 107.69 ,420,6.00
Stella Lyra,RPL,Plössl?,30,2.00,62,,15.0,?,32.5,FMC,?,4,14,5.0,4.43,99, $ 119.79 ,420,6.00
Stella Lyra,RPL,Plössl?,40,2.00,65,,20.0,?,45.4,FMC,?,4,11,6.7,6.19,129, $ 156.09 ,420,6.00
Stella Lyra,RPL,Plössl?,45,2.00,62,,22.0,?,48.7,FMC,?,4,9,7.5,6.64,139, $ 168.19 ,420,6.00
Stella Lyra,Superview,General Use,15,1.25,68,,13.0,?,,FMC,Y,4,28,2.5,2.43,39, $ 47.19 ,420,6.00
Stella Lyra,Superview,General Use,20,1.25,68,,18.0,?,,FMC,Y,5,21,3.3,3.24,39, $ 47.19 ,420,6.00
Stella Lyra,Superview,General Use,30,2.00,68,,22.0,?,,FMC,Y,5,14,5.0,4.86,69, $ 83.49 ,420,6.00
Stella Lyra,Superview,General Use,42,2.00,58,,30.0,?,,FMC,Y,5,10,7.0,5.80,69, $ 83.49 ,420,6.00
Stella Lyra,Superview,General Use,50,2.00,48,,35.0,?,,FMC,Y,5,8,8.3,5.71,69, $ 83.49 ,420,6.00
Stella Lyra,Zoom,Zoom,8-24,1.25,40-60,,20.0,?,,FMC,Y,8,N/A,N/A,N/A,169, $ 204.49 ,420,6.00
Stella Lyra (FLO),RPL,Plössl?,18,1.25,62,,9.0,?,19.5,FMC,?,4,23,3.0,2.66,79, $ 95.59 ,420,6.00
Stellarvue,Optimus,Hyper Wide,3.6,1.25/2.00,110,,15.0,?,6.9,FMC,Y,8,117,0.6,0.94,, $ 349.00 ,420,6.00
Stellarvue,Optimus,Hyper Wide,4.7,1.25/2.00,110,,15.0,?,9.0,FMC,Y,8,89,0.8,1.23,, $ 349.00 ,420,6.00
Stellarvue,Optimus,Hyper Wide,9,1.25/2.00,100,,15.0,?,15.7,FMC,Y,9,47,1.5,2.14,, $ 349.00 ,420,6.00
Stellarvue,Optimus,Hyper Wide,13.5,1.25/2.00,100,,15.0,?,23.6,FMC,Y,8,31,2.3,3.21,, $ 349.00 ,420,6.00
Stellarvue,Optimus,Hyper Wide,20,2.00,100,,15.0,?,34.9,FMC,Y,9,21,3.3,4.76,, $ 399.00 ,420,6.00
Stellarvue,Planetary ,LER,4.9,1.25,53,,20.0,?,4.5,FMC,Y,7,86,0.8,0.62,, $ 108.00 ,420,6.00
Stellarvue,Planetary ,LER,6.1,1.25,53,,20.0,?,5.6,FMC,Y,7,69,1.0,0.77,, $ 108.00 ,420,6.00
Stellarvue,UWA,UltraWideField,4,1.25,82,,12.0,7.5,5.7,FMC,Y,7,105,0.7,1.02,, $ 149.00 ,420,6.00
Stellarvue,UWA,UltraWideField,8,1.25,82,,12.0,13.6,11.4,FMC,Y,7,53,1.3,1.86,, $ 149.00 ,420,6.00
Stellarvue,UWA,UltraWideField,15,1.25,82,,12.0,25.0,21.5,FMC,Y,7,28,2.5,3.41,, $ 149.00 ,420,6.00
Sterling (Smart Astronomy),Plossl,Plossl,4,1.25,55,,2.4,?,3.8,FMC,Y,4,105,0.7,0.52,, $ 29.95 ,420,6.00
Sterling (Smart Astronomy),Plossl,Plossl,6,1.25,55,,3.6,?,5.8,FMC,Y,4,70,1.0,0.79,, $ 29.95 ,420,6.00
Sterling (Smart Astronomy),Plossl,Plossl,12.5,1.25,55,,7.5,?,12.0,FMC,Y,4,34,2.1,1.64,, $ 34.95 ,420,6.00
Sterling (Smart Astronomy),Plossl,Plossl,17,1.25,55,,10.2,?,16.3,FMC,Y,4,25,2.8,2.23,, $ 39.95 ,420,6.00
Sterling (Smart Astronomy),Plossl,Plossl,20,1.25,55,,12.0,?,19.2,FMC,Y,4,21,3.3,2.62,, $ 39.95 ,420,6.00
Sterling (Smart Astronomy),Plossl,Plossl,25,1.25,55,,15.0,?,24.0,FMC,Y,4,17,4.2,3.27,, $ 44.95 ,420,6.00
Sterling (Smart Astronomy),Plossl,Plossl,30,2.00,55,,18.0,?,28.8,FMC,Y,4,14,5.0,3.93,, $ 79.95 ,420,6.00
Sterling (Smart Astronomy),Plossl,Plossl,40,2.00,55,,24.0,?,38.4,FMC,Y,4,11,6.7,5.24,, $ 79.95 ,420,6.00
Surplus Shed Miscellaneous eyepieces see site,Huygens/Kellner/Plossl/Erfle/etc.,varies,4 to 80mm,varies,varies,,varies,varies, ,varies,?,varies,N/A,N/A,N/A,, varies ,420,6.00
SVBONY,Private label various Chinese clones,,,,,,,?, ,,,,N/A,N/A,N/A,,,420,6.00
Takahashi,Abbe Orthoscopic,Orthoscopic,4.00,1.25,44,,?,?,3.1,FMC,Y,4,105,0.7,0.42,, $ 197.00 ,420,6.00
Takahashi,Abbe Orthoscopic,Orthoscopic,6,1.25,44,,4.8,?,4.6,FMC,Y,4,70,1.0,0.63,, $ 165.00 ,420,6.00
Takahashi,Abbe Orthoscopic,Orthoscopic,9,1.25,44,,7.5,?,6.9,FMC,Y,4,47,1.5,0.94,, $ 165.00 ,420,6.00
Takahashi,Abbe Orthoscopic,Orthoscopic,12.5,1.25,44,,10.0,?,9.6,FMC,Y,4,34,2.1,1.31,, $ 172.00 ,420,6.00
Takahashi,Abbe Orthoscopic,Orthoscopic,18,1.25,44,,15.0,?,13.8,FMC,Y,4,23,3.0,1.89,, $ 154.00 ,420,6.00
Takahashi,Abbe Orthoscopic,Orthoscopic,25,1.25,44,,22.0,18.1,19.2,FMC,Y,4,17,4.2,2.47,, $ 166.00 ,420,6.00
Takahashi,Abbe Orthoscopic,Orthoscopic,32,1.25,44,,28.0,?,24.6,FMC,Y,4,13,5.3,3.35,, $ 206.00 ,420,6.00
Takahashi,Erfle,Erfle,28,1.25,60,,20.0,?,29.3,FMC,Y,5,15,4.7,4.00,, $ 232.00 ,420,6.00
Takahashi,LE,Masuyama?,5,1.25,52,,10.0,4.7,4.5,FMC,?,5,84,0.8,0.64,, $ 282.00 ,420,6.00
Takahashi,LE,Masuyama?,7.5,1.25,52,,10.0,7.0,6.8,FMC,?,5,56,1.3,0.95,, $ 282.00 ,420,6.00
Takahashi,LE,Masuyama?,10,1.25,52,,9.0,?,9.1,FMC,?,5,42,1.7,1.24,, $ 251.00 ,420,6.00
Takahashi,LE,Masuyama?,12.5,1.25,52,,9.0,11.0,11.3,FMC,?,5,34,2.1,1.50,, $ 251.00 ,420,6.00
Takahashi,LE,Masuyama?,18,1.25,52,,13.0,16.1,16.3,FMC,?,5,23,3.0,2.20,, $ 251.00 ,420,6.00
Takahashi,LE,Masuyama?,24,1.25,52,,17.0,21.4,21.8,FMC,?,5,18,4.0,2.92,, $ 265.00 ,420,6.00
Takahashi,LE,Masuyama?,30,1.25,52,,20.0,26.4,27.2,FMC,?,5,14,5.0,3.60,, $ 265.00 ,420,6.00
Takahashi,LE,Masuyama?,40,2.00,50,,30.0,?,34.9,FMC,?,5,11,6.7,4.76,, $ 357.00 ,420,6.00
Takahashi,LE,Masuyama?,50,2.00,50,,40.0,43.0,43.6,FMC,?,5,8,8.3,5.87,, $ 486.00 ,420,6.00
Takahashi,Starbase Kellner,Kellner,20,1.25,45,77,14.0,?,15.7,MC,N,3,21,3.3,2.14,, $ 39.00 ,420,6.00
Takahashi,Starbase Kellner,Kellner,25,1.25,45,77,18.0,?,19.6,MC,N,3,17,4.2,2.68,, $ 44.00 ,420,6.00
Takahashi,Starbase Orthoscopic,Orthoscopic,6,1.25,45,49,4.0,?,4.7,FC,?,4,70,1.0,0.64,, $ 56.00 ,420,6.00
Takahashi,Starbase Orthoscopic,Orthoscopic,9,1.25,45,52,7.0,?,7.1,FC,?,4,47,1.5,0.96,, $ 50.00 ,420,6.00
Takahashi,Starbase Orthoscopic,Orthoscopic,14,1.25,45,70,12.0,?,11.0,FC,?,4,30,2.3,1.50,, $ 50.00 ,420,6.00
Takahashi,Starbase Orthoscopic,Orthoscopic,18,1.25,45,82,13.0,?,14.1,FC,?,4,23,3.0,1.93,, $ 44.00 ,420,6.00
Takahashi,Starbase Orthoscopic,Orthoscopic,20,1.25,45,82,14.0,?,15.7,FC,?,4,21,3.3,2.14,, $ 44.00 ,420,6.00
Takahashi,TOE,Planetary,2.5,1.25,52,,10.0,?,2.3,FMC,Y,6,168,0.4,0.31,, $ 319.00 ,420,6.00
Takahashi,TOE,Planetary,3.3,1.25,52,,10.0,?,3.0,FMC,Y,6,127,0.6,0.41,, $ 319.00 ,420,6.00
Takahashi,TOE,Planetary,4,1.25,52,,10.0,?,3.6,FMC,Y,6,105,0.7,0.50,, $ 319.00 ,420,6.00
Takahashi,Ultra Wide/Flat Field,UltraWideField,3.3,1.25,90,,12.0,?,5.2,FMC,Y,10,127,0.6,0.71,, $ 660.00 ,420,6.00
Takahashi,Ultra Wide/Flat Field,UltraWideField,5.7,1.25,90,,12.0,?,9.0,FMC,Y,10,74,1.0,1.22,, $ 660.00 ,420,6.00
Takahashi,Ultra Wide/Flat Field,UltraWideField,7,1.25,90,,12.0,?,11.0,FMC,Y,8,60,1.2,1.50,, $ 630.00 ,420,6.00
Takahashi,Ultra Wide/Flat Field,UltraWideField,10,1.25,90,,12.0,?,15.7,FMC,Y,8,42,1.7,2.14,, $ 630.00 ,420,6.00
TAL,SuperPlossl,Plossl,12.5,1.25,45,,10.0,?,9.8,MC,?,4,34,2.1,1.34,, $ 68.99 ,420,6.00
TAL,SuperPlossl,Plossl,20,1.25,45,,14.0,?,15.7,MC,?,4,21,3.3,2.14,, $ 73.99 ,420,6.00
TAL,SuperPlossl,Plossl,25,1.25,45,,18.7,?,19.6,MC,?,4,17,4.2,2.68,, $ 74.99 ,420,6.00
TAL,SuperWideAngle,Wide-Field,15,1.25,65,,9.8,?,17.0,MC,?,6,28,2.5,2.32,, $ 199.99 ,420,6.00
TAL,UltraWideAngle,UltraWideField,15,1.25,82,,7.3,?,21.5,MC,?,6,28,2.5,2.93,, $ 248.99 ,420,6.00
Tecnosky,SWA,Wide-Field,3.5,1.25/2.00,70,,20.0,?,4.3,FMC,Y,8,120,0.6,0.58,, $ 120.70 ,420,6.00
Tecnosky,SWA,Wide-Field,5,1.25/2.00,70,,20.0,?,6.1,FMC,Y,8,84,0.8,0.83,, $ 120.70 ,420,6.00
Tecnosky,SWA,Wide-Field,8,1.25/2.00,70,,20.0,?,9.8,FMC,Y,8,53,1.3,1.33,, $ 120.70 ,420,6.00
Tecnosky,SWA,Wide-Field,13,1.25/2.00,70,,20.0,?,15.9,FMC,Y,8,32,2.2,2.17,, $ 120.70 ,420,6.00
Tecnosky,SWA,Wide-Field,17,1.25/2.00,70,,20.0,?,20.8,FMC,Y,8,25,2.8,2.83,, $ 120.70 ,420,6.00
Tecnosky,SWA,Wide-Field,22,2.00,70,,20.0,?,26.9,FMC,Y,8,19,3.7,3.67,, $ 120.70 ,420,6.00
Tecnosky,SWA,Wide-Field,32,2.00,70,,20.0,?,39.1,FMC,Y,8,13,5.3,5.33,, $ 120.70 ,420,6.00
Tecnosky,UltraFlatField,Wide-Field,30,2.00,70,,20.0,38.0,36.7,FMC,Y,9,14,5.0,5.18,, $ 213.60 ,420,6.00
Tecnosky,XWA,HyperWide Field,9,1.25/2.00,100,,13.0,?,15.7,FMC,Y,9,47,1.5,2.14,, $ 291.60 ,420,6.00
Tecnosky,XWA,HyperWide Field,20,2.00,100,,13.0,?,34.9,FMC,Y,9,21,3.3,4.76,, $ 306.40 ,420,6.00
Telescope Service,ED  ,LER,3.2,1.25,60,,16.0,?,3.4,FMC,Y,5,131,0.5,0.46,78.99, $ 87.68 ,420,6.00
Telescope Service,ED  ,LER,5,1.25,60,,16.0,?,5.2,FMC,Y,5,84,0.8,0.71,78.99, $ 87.68 ,420,6.00
Telescope Service,ED  ,LER,8,1.25,60,,16.0,?,8.4,FMC,Y,5,53,1.3,1.14,78.99, $ 87.68 ,420,6.00
Telescope Service,ED  ,LER,12,1.25,60,,16.0,?,12.6,FMC,Y,6,35,2.0,1.71,78.99, $ 87.68 ,420,6.00
Telescope Service,ED  ,LER,15,1.25,60,,16.0,?,15.7,FMC,Y,6,28,2.5,2.14,78.99, $ 87.68 ,420,6.00
Telescope Service,ED  ,LER,18,1.25,60,,16.0,?,18.8,FMC,Y,5,23,3.0,2.57,78.99, $ 87.68 ,420,6.00
Telescope Service,ED  ,LER,25,1.25,60,,16.0,?,26.2,FMC,Y,5,17,4.2,3.57,78.99, $ 87.68 ,420,6.00
Telescope Service,Edge-On Flat Field,Flat Field,8,1.25,60,,9.0,9.0,8.4,FMC,?,6,53,1.3,1.23,66.39, $ 73.69 ,420,6.00
Telescope Service,Edge-On Flat Field,Flat Field,12,1.25,60,,12.0,13.0,12.6,FMC,?,6,35,2.0,1.77,66.39, $ 73.69 ,420,6.00
Telescope Service,Edge-On Flat Field,Flat Field,16,1.25,60,,17.0,16.6,16.8,FMC,?,6,26,2.7,2.26,66.39, $ 73.69 ,420,6.00
Telescope Service,Edge-On Flat Field,Flat Field,19,1.25,65,,17.0,21.3,21.6,FMC,?,5,22,3.2,2.91,66.39, $ 73.69 ,420,6.00
Telescope Service,Edge-On Flat Field,Flat Field,27,1.25,53,,21.0,24.4,25.0,FMC,?,5,16,4.5,3.33,74.79, $ 83.02 ,420,6.00
Telescope Service,Expanse ED,Wide-Field,3.5,1.25/2.00,70,,20.0,?,4.3,FMC,?,?,120,0.6,0.58,109.22, $ 121.23 ,420,6.00
Telescope Service,Expanse ED,Wide-Field,5,1.25/2.00,70,,20.0,?,6.1,FMC,?,?,84,0.8,0.83,109.22, $ 121.23 ,420,6.00
Telescope Service,Expanse ED,Wide-Field,8,1.25/2.00,70,,20.0,?,9.8,FMC,?,?,53,1.3,1.33,109.22, $ 121.23 ,420,6.00
Telescope Service,Expanse ED,Wide-Field,13,1.25/2.00,70,,20.0,?,15.9,FMC,?,?,32,2.2,2.17,109.22, $ 121.23 ,420,6.00
Telescope Service,Expanse ED,Wide-Field,17,1.25/2.00,70,,20.0,?,20.8,FMC,?,?,25,2.8,2.83,109.22, $ 121.23 ,420,6.00
Telescope Service,Expanse ED,Wide-Field,22,2.00,70,,20.0,?,26.9,FMC,?,?,19,3.7,3.67,109.22, $ 121.23 ,420,6.00
Telescope Service,Planetary HR,General Use,2.5,1.25,60,,16.0,?,2.6,FMC,Y,?,168,0.4,0.36,57.98, $ 64.36 ,420,6.00
Telescope Service,Planetary HR,General Use,3.2,1.25,60,,16.0,?,3.4,FMC,Y,?,131,0.5,0.46,57.98, $ 64.36 ,420,6.00
Telescope Service,Planetary HR,General Use,4,1.25,60,,16.0,?,4.2,FMC,Y,?,105,0.7,0.57,57.98, $ 64.36 ,420,6.00
Telescope Service,Planetary HR,General Use,5,1.25,60,,16.0,?,5.2,FMC,Y,?,84,0.8,0.71,57.98, $ 64.36 ,420,6.00
Telescope Service,Planetary HR,General Use,6,1.25,60,,16.0,?,6.3,FMC,Y,?,70,1.0,0.86,57.98, $ 64.36 ,420,6.00
Telescope Service,Planetary HR,General Use,7,1.25,60,,16.0,?,7.3,FMC,Y,?,60,1.2,1.00,57.98, $ 64.36 ,420,6.00
Telescope Service,Planetary HR,General Use,8,1.25,60,,16.0,?,8.4,FMC,Y,?,53,1.3,1.14,57.98, $ 64.36 ,420,6.00
Telescope Service,Planetary HR,General Use,9,1.25,60,,16.0,?,9.4,FMC,Y,?,47,1.5,1.29,57.98, $ 64.36 ,420,6.00
Telescope Service,Planetary HR,General Use,15,1.25,60,,16.0,?,15.7,FMC,Y,?,28,2.5,2.14,57.98, $ 64.36 ,420,6.00
Telescope Service,Planetary HR,General Use,20,1.25,60,,16.0,?,20.9,FMC,Y,?,21,3.3,2.86,57.98, $ 64.36 ,420,6.00
Telescope Service,Planetary HR,General Use,25,1.25,60,,16.0,?,26.2,FMC,Y,?,17,4.2,3.57,46.22, $ 51.30 ,420,6.00
Telescope Service,Premium Zoom,Zoom,7.2-21.5,1.25,40-53,,15.0,?, ,FMC,Y,7,N/A,N/A,N/A,96.55, $ 107.17 ,420,6.00
Telescope Service,RK  ,Reverse Kellner,3.6,1.25,45,,12.0,?,2.8,FC,?,3,117,0.6,0.39,20.92, $ 23.22 ,420,6.00
Telescope Service,RK  ,Reverse Kellner,10,1.25,52,,14.0,?,9.1,FC,?,3,42,1.7,1.24,20.92, $ 23.22 ,420,6.00
Telescope Service,RK  ,Reverse Kellner,25,1.25,52,,20.0,?,22.7,FC,?,3,17,4.2,3.10,19.24, $ 21.36 ,420,6.00
Telescope Service,Standard Plossl,Plossl,4,1.25,50,,2.8,?,3.5,C,N,4,105,0.7,0.48,22.61, $ 25.10 ,420,6.00
Telescope Service,Standard Plossl,Plossl,6.3,1.25,50,,4.4,?,5.5,C,N,4,67,1.1,0.75,22.61, $ 25.10 ,420,6.00
Telescope Service,Standard Plossl,Plossl,10,1.25,50,,7.0,?,8.7,C,N,4,42,1.7,1.19,22.61, $ 25.10 ,420,6.00
Telescope Service,Standard Plossl,Plossl,12.5,1.25,50,,8.8,?,10.9,C,N,4,34,2.1,1.49,22.61, $ 25.10 ,420,6.00
Telescope Service,Standard Plossl,Plossl,17,1.25,50,,11.9,?,14.8,C,N,4,25,2.8,2.02,20.92, $ 23.22 ,420,6.00
Telescope Service,Standard Plossl,Plossl,20,1.25,50,,14.0,?,17.5,C,N,4,21,3.3,2.38,22.61, $ 25.10 ,420,6.00
Telescope Service,Standard Plossl,Plossl,25,1.25,50,,17.5,?,21.8,C,N,4,17,4.2,2.98,22.61, $ 25.10 ,420,6.00
Telescope Service,Standard Plossl,Plossl,32,1.25,50,,22.4,?,27.9,C,N,4,13,5.3,3.81,25.13, $ 27.89 ,420,6.00
Telescope Service,Standard Plossl,Plossl,40,1.25,40,,28.0,?,27.9,C,N,4,11,6.7,3.81,25.13, $ 27.89 ,420,6.00
Telescope Service,Super Plossl,Plossl,4,1.25,52,,2.8,?,3.6,FMC,Y,4,105,0.7,0.50,26.89, $ 29.85 ,420,6.00
Telescope Service,Super Plossl,Plossl,6,1.25,52,,4.2,?,5.4,FMC,Y,4,70,1.0,0.74,26.89, $ 29.85 ,420,6.00
Telescope Service,Super Plossl,Plossl,9,1.25,52,,6.3,?,8.2,FMC,Y,4,47,1.5,1.11,26.89, $ 29.85 ,420,6.00
Telescope Service,Super Plossl,Plossl,12,1.25,52,,8.4,?,10.9,FMC,Y,4,35,2.0,1.49,26.89, $ 29.85 ,420,6.00
Telescope Service,Super Plossl,Plossl,15,1.25,52,,10.5,?,13.6,FMC,Y,4,28,2.5,1.86,31.09, $ 34.51 ,420,6.00
Telescope Service,Super Plossl,Plossl,20,1.25,52,,14.0,?,18.2,FMC,Y,4,21,3.3,2.48,26.05, $ 28.92 ,420,6.00
Telescope Service,Super Plossl,Plossl,25,1.25,52,,17.5,?,22.7,FMC,Y,4,17,4.2,3.10,31.93, $ 35.44 ,420,6.00
Telescope Service,Super Plossl,Plossl,32,1.25,50,,22.4,?,27.9,FMC,Y,4,13,5.3,3.81,38.66, $ 42.91 ,420,6.00
Telescope Service,Super Plossl,Plossl,40,1.25,40,,28.0,?,27.9,FMC,Y,4,11,6.7,3.81,38.66, $ 42.91 ,420,6.00
Telescope Service,SWA,Hyperwidefield,5,1.25,100,,13.0,?,8.7,FMC,Y,9,84,0.8,1.19,167.23, $ 185.63 ,420,6.00
Telescope Service,SWA,Hyperwidefield,10,1.25,100,,19.7,?,17.5,FMC,Y,8,42,1.7,2.38,167.23, $ 185.63 ,420,6.00
Telescope Service,SWA,Hyperwidefield,15,2.00,100,,20.0,?,26.2,FMC,Y,8,28,2.5,3.57,189.08, $ 209.88 ,420,6.00
Telescope Service,SWA,Hyperwidefield,21,2.00,100,,20.0,?,36.7,FMC,Y,7,20,3.5,5.00,189.08, $ 209.88 ,420,6.00
Telescope Service,UFL,General Use,30,2.00,69,,16.7,?,36.1,FMC,Y,6,14,5.0,4.93,109.22, $ 121.23 ,420,6.00
Telescope Service,UFL,General Use,35,2.00,69,,17.5,?,42.1,FMC,Y,6,12,5.8,5.75,109.22, $ 121.23 ,420,6.00
Telescope Service,UWA,Wide-Field,6,1.25,66,,14.8,?,6.9,FMC,Y,5,70,1.0,0.94,47.9, $ 53.17 ,420,6.00
Telescope Service,UWA,Wide-Field,9,1.25,66,,15.0,?,10.4,FMC,Y,6,47,1.5,1.41,47.9, $ 53.17 ,420,6.00
Telescope Service,UWA,Wide-Field,15,1.25,66,,13.0,?,17.3,FMC,Y,4,28,2.5,2.36,47.9, $ 53.17 ,420,6.00
Telescope Service,UWA,Wide-Field,20,1.25,66,,18.0,?,23.0,FMC,Y,5,21,3.3,3.14,47.9, $ 53.17 ,420,6.00
Telescope Service,UWA 82,UltraWideField,4,1.25,82,,12.0,?,5.7,FMC,Y,7,105,0.7,0.78,125.21, $ 138.98 ,420,6.00
Telescope Service,UWA 82,UltraWideField,7,1.25,82,,12.0,?,10.0,FMC,Y,7,60,1.2,1.37,125.21, $ 138.98 ,420,6.00
Telescope Service,UWA 82,UltraWideField,16,1.25,82,,12.0,21.2,22.9,FMC,Y,7,26,2.7,2.89,142.02, $ 157.64 ,420,6.00
Telescope Service,UWA 82,UltraWideField,28,2.00,82,,18.0,38.6,40.1,FMC,Y,6,15,4.7,5.27,192.44, $ 213.61 ,420,6.00
Telescope Service,Wide Angle,Erfle,8,1.25,70,,9.0,11.0,9.8,FMC,Y,?,53,1.3,1.50,41.18, $ 45.71 ,420,6.00
Telescope Service,Wide Angle,Erfle,12,1.25,70,,10.0,13.0,14.7,FMC,Y,?,35,2.0,1.77,41.18, $ 45.71 ,420,6.00
Telescope Service,Wide Angle,Erfle,17,1.25,70,,15.0,20.0,20.8,FMC,Y,?,25,2.8,2.73,41.18, $ 45.71 ,420,6.00
Telescope Service,Wide Angle,Erfle,20,1.25,70,,17.0,25.0,24.4,FMC,Y,?,21,3.3,3.41,41.18, $ 45.71 ,420,6.00
Telescope Service,Wide Angle,Erfle,26,2.00,70,,20.0,33.0,31.8,FMC,Y,?,16,4.3,4.50,91.6, $ 101.68 ,420,6.00
Telescope Service,Wide Angle,Erfle,32,2.00,70,,24.0,40.0,39.1,FMC,Y,?,13,5.3,5.46,96.61, $ 107.24 ,420,6.00
Telescope Service,Wide Angle,Erfle,38,2.00,70,,28.0,46.0,46.4,FMC,Y,?,11,6.3,6.28,111.74, $ 124.03 ,420,6.00
Telescope Service,Wide Angle for Camera,Wide-Field,30,2.00,68,,?,?,35.6,FMC,Y,5,14,5.0,4.86,83.19, $ 92.34 ,420,6.00
Telescope Service,Wide Angle for Camera,Wide-Field,42,2.00,60,,?,?,44.0,FMC,Y,5,10,7.0,6.00,83.19, $ 92.34 ,420,6.00
Telescope Service,XWA,Hyperwidefield,3.5,1.25/2.00,110,,15.0,?,6.7,FMC,Y,9,120,0.6,0.92,226.05, $ 250.92 ,420,6.00
Telescope Service,XWA,Hyperwidefield,5,1.25/2.00,110,,15.0,?,9.6,FMC,Y,9,84,0.8,1.31,226.05, $ 250.92 ,420,6.00
Telescope Service,XWA,Hyperwidefield,9,1.25/2.00,100,,15.0,15.7,15.7,FMC,Y,9,47,1.5,2.14,226.05, $ 250.92 ,420,6.00
Telescope Service,XWA,Hyperwidefield,13,1.25/2.00,100,461,15.0,?,22.7,FMC,Y,9,32,2.2,3.10,226.05, $ 250.92 ,420,6.00
Telescope Service,XWA,Hyperwidefield,20,2.00,100,,15.0,?,34.9,FMC,Y,9,21,3.3,4.76,251.26, $ 278.90 ,420,6.00
Telescope Service,Zoom,Zoom,7-21,1.25,40-54,,?,?, ,MC,?,?,N/A,N/A,N/A,46.13, $ 51.20 ,420,6.00
TeleVue,DeLite,General Use,3,1.25,62,221,20.0,3.2,3.2,FMC,Y,?,140,0.5,0.44,, $ 256.00 ,420,6.00
TeleVue,DeLite,General Use,4,1.25,62,215,20.0,4.3,4.3,FMC,Y,?,105,0.7,0.59,, $ 256.00 ,420,6.00
TeleVue,DeLite,General Use,5,1.25,62,215,20.0,5.3,5.4,FMC,Y,?,84,0.8,0.72,, $ 256.00 ,420,6.00
TeleVue,DeLite,General Use,7,1.25,62,215,20.0,7.5,7.6,FMC,Y,?,60,1.2,1.02,, $ 256.00 ,420,6.00
TeleVue,DeLite,General Use,9,1.25,62,207,20.0,9.6,9.7,FMC,Y,?,47,1.5,1.31,, $ 256.00 ,420,6.00
TeleVue,DeLite,General Use,11,1.25,62,201,20.0,11.7,11.9,FMC,Y,?,38,1.8,1.60,, $ 256.00 ,420,6.00
TeleVue,DeLite,General Use,13,1.25,62,221,20.0,13.8,14.1,FMC,Y,?,32,2.2,1.88,, $ 256.00 ,420,6.00
TeleVue,DeLite,General Use,15,1.25,62,215,20.0,16.0,16.2,FMC,Y,?,28,2.5,2.18,, $ 256.00 ,420,6.00
TeleVue,DeLite,General Use,18.2,1.25,62,207,20.0,19.1,19.7,FMC,Y,?,23,3.0,2.61,, $ 256.00 ,420,6.00
TeleVue,Delos,Wide-Field,3.5,1.25,72,499,20.0,4.4,4.4,FMC,Y,?,120,0.6,0.60,, $ 352.00 ,420,6.00
TeleVue,Delos,Wide-Field,4.5,1.25,72,499,20.0,5.6,5.7,FMC,Y,?,93,0.8,0.76,, $ 352.00 ,420,6.00
TeleVue,Delos,Wide-Field,6,1.25,72,454,20.0,7.6,7.5,FMC,Y,?,70,1.0,1.04,, $ 352.00 ,420,6.00
TeleVue,Delos,Wide-Field,8,1.25,72,454,20.0,9.9,10.1,FMC,Y,?,53,1.3,1.35,, $ 352.00 ,420,6.00
TeleVue,Delos,Wide-Field,10,1.25,72,409,20.0,12.7,12.6,FMC,Y,?,42,1.7,1.73,, $ 352.00 ,420,6.00
TeleVue,Delos,Wide-Field,12,1.25,72,409,20.0,15.0,15.1,FMC,Y,?,35,2.0,2.05,, $ 352.00 ,420,6.00
TeleVue,Delos,Wide-Field,14,1.25,72,409,20.0,17.3,17.6,FMC,Y,?,30,2.3,2.36,, $ 352.00 ,420,6.00
TeleVue,Delos,Wide-Field,17.3,1.25,72,409,20.0,21.2,21.7,FMC,Y,?,24,2.9,2.89,, $ 352.00 ,420,6.00
TeleVue,Ethos,Hyperwidefield,6,1.25/2.00,100,440,15.0,10.4,10.5,FMC,Y,?,70,1.0,1.42,, $ 590.00 ,420,6.00
TeleVue,Ethos,Hyperwidefield,8,1.25/2.00,100,431,15.0,13.9,14.0,FMC,Y,?,53,1.3,1.90,, $ 590.00 ,420,6.00
TeleVue,Ethos,Hyperwidefield,10,1.25/2.00,100,499,15.0,17.7,17.5,FMC,Y,?,42,1.7,2.41,, $ 628.00 ,420,6.00
TeleVue,Ethos,Hyperwidefield,13,1.25/2.00,100,590,15.0,22.3,22.7,FMC,Y,9,32,2.2,3.04,, $ 628.00 ,420,6.00
TeleVue,Ethos,Hyperwidefield,17,2.00,100,704,15.0,29.6,29.7,FMC,Y,?,25,2.8,4.04,, $ 760.00 ,420,6.00
TeleVue,Ethos,Hyperwidefield,21,2.00,100,1021,15.0,36.2,36.7,FMC,Y,?,20,3.5,4.94,, $ 854.00 ,420,6.00
TeleVue,Ethos SX,Hyperwidefield,3.7,1.25,110,499,15.0,7.0,7.1,FMC,Y,?,114,0.6,0.96,, $ 628.00 ,420,6.00
TeleVue,Ethos SX,Hyperwidefield,4.7,1.25,110,590,15.0,8.9,9.0,FMC,Y,?,89,0.8,1.22,, $ 628.00 ,420,6.00
TeleVue,Nagler,Zoom,3-6,1.25,50,151,10.0,2.5-5.1, ,FMC,Y,5,N/A,N/A,N/A,, $ 410.00 ,420,6.00
TeleVue,Nagler4,UltraWideField,17,2.00,82,726,17.0,24.3,24.3,FMC,Y,7,25,2.8,3.31,, $ 398.00 ,420,6.00
TeleVue,Nagler4,UltraWideField,22,2.00,82,681,19.0,31.1,31.5,FMC,Y,7,19,3.7,4.24,, $ 465.00 ,420,6.00
TeleVue,Nagler5,UltraWideField,16,1.25,82,202,10.0,22.1,22.9,FMC,Y,6,26,2.7,3.01,, $ 352.00 ,420,6.00
TeleVue,Nagler5,UltraWideField,31,2.00,82,998,19.0,42.0,44.4,FMC,Y,6,14,5.2,5.73,, $ 666.00 ,420,6.00
TeleVue,Nagler6,UltraWideField,3.5,1.25,82,241,12.0,4.8,5.0,FMC,Y,7,120,0.6,0.65,, $ 321.00 ,420,6.00
TeleVue,Nagler6,UltraWideField,5,1.25,82,224,12.0,7.0,7.2,FMC,Y,7,84,0.8,0.95,, $ 321.00 ,420,6.00
TeleVue,Nagler6,UltraWideField,7,1.25,82,227,12.0,9.7,10.0,FMC,Y,7,60,1.2,1.32,, $ 321.00 ,420,6.00
TeleVue,Nagler6,UltraWideField,9,1.25,82,190,12.0,12.4,12.9,FMC,Y,7,47,1.5,1.69,, $ 321.00 ,420,6.00
TeleVue,Nagler6,UltraWideField,13,1.25,82,182,12.0,17.6,18.6,FMC,Y,7,32,2.2,2.40,, $ 321.00 ,420,6.00
TeleVue,Panoptic,Wide-Field,19,1.25,68,188,13.0,21.2,22.5,FMC,Y,6,22,3.2,2.89,, $ 250.00 ,420,6.00
TeleVue,Panoptic,Wide-Field,24,1.25,68,233,15.0,27.0,28.5,FMC,Y,6,18,4.0,3.68,, $ 321.00 ,420,6.00
TeleVue,Panoptic,Wide-Field,27,2.00,68,465,19.0,30.5,32.0,FMC,Y,6,16,4.5,4.16,, $ 346.00 ,420,6.00
TeleVue,Panoptic,Wide-Field,35,2.00,68,726,24.0,38.7,41.5,FMC,Y,6,12,5.8,5.28,, $ 390.00 ,420,6.00
TeleVue,Panoptic,Wide-Field,41,2.00,68,953,27.0,46.0,48.7,FMC,Y,6,10,6.8,6.28,, $ 526.00 ,420,6.00
TeleVue,Plossl,Plossl,8,1.25,50,51,6.0,6.5,7.0,FMC,Y,4,53,1.3,0.89,, $ 96.00 ,420,6.00
TeleVue,Plossl,Plossl,11,1.25,50,63,8.0,9.0,9.6,FMC,Y,4,38,1.8,1.22,, $ 96.00 ,420,6.00
TeleVue,Plossl,Plossl,15,1.25,50,74,10.0,12.4,13.1,FMC,Y,4,28,2.5,1.69,, $ 96.00 ,420,6.00
TeleVue,Plossl,Plossl,20,1.25,50,85,14.0,17.1,17.5,FMC,Y,4,21,3.3,2.33,, $ 116.00 ,420,6.00
TeleVue,Plossl,Plossl,25,1.25,50,122,17.0,21.1,21.8,FMC,Y,4,17,4.2,2.88,, $ 116.00 ,420,6.00
TeleVue,Plossl,Plossl,32,1.25,50,176,22.0,26.9,27.9,FMC,Y,4,13,5.3,3.67,, $ 148.00 ,420,6.00
TeleVue,Plossl,Plossl,40,1.25,40,193,28.0,27.3,27.9,FMC,Y,4,11,6.7,3.72,, $ 148.00 ,420,6.00
TeleVue,Plossl,Plossl,55,2.00,50,513,38.0,46.0,48.0,FMC,Y,4,8,9.2,6.28,, $ 244.00 ,420,6.00
TPO (from OPT),Plossl,Plossl,4,1.25,52,,6.0,?,3.6,FMC,?,4,105,0.7,0.50,, $ 29.95 ,420,6.00
TPO (from OPT),Plossl,Plossl,6,1.25,52,,5.0,?,5.4,FMC,?,4,70,1.0,0.74,, $ 29.95 ,420,6.00
TPO (from OPT),Plossl,Plossl,9,1.25,52,,6.0,?,8.2,FMC,?,4,47,1.5,1.11,, $ 29.95 ,420,6.00
TPO (from OPT),Plossl,Plossl,15,1.25,52,,13.0,?,13.6,FMC,?,4,28,2.5,1.86,, $ 29.00 ,420,6.00
TPO (from OPT),Plossl,Plossl,20,1.25,52,,20.0,?,18.2,FMC,?,4,21,3.3,2.48,, $ 29.95 ,420,6.00
TPO (from OPT),Plossl,Plossl,25,1.25,50,,17.5,?,21.8,FMC,?,4,17,4.2,2.98,, $ 29.95 ,420,6.00
TPO (from OPT),Plossl,Plossl,32,1.25,50,,22.4,?,27.9,FMC,?,4,13,5.3,3.81,, $ 36.95 ,420,6.00
TPO (from OPT),Plossl,Plossl,40,1.25,40,,28.0,?,27.9,FMC,?,4,11,6.7,3.81,, $ 29.95 ,420,6.00
TPO (from OPT),SuperView,Wide-Field,15,1.25,68,,13.0,?,17.8,FMC,Y,4,28,2.5,2.43,, $ 44.95 ,420,6.00
TPO (from OPT),SuperView,Wide-Field,20,1.25,68,,20.0,?,23.7,FMC,Y,4,21,3.3,3.24,, $ 44.95 ,420,6.00
TPO (from OPT),SuperView (Erfle),Wide-Field,30,2.00,68,,20.0,?,35.6,FMC,Y,5,14,5.0,4.86,, $ 69.99 ,420,6.00
TPO (from OPT),SuperView (Erfle),Wide-Field,42,2.00,68,,20.0,?,49.8,FMC,Y,5,10,7.0,6.80,, $ 69.99 ,420,6.00
TPO (from OPT),SuperView (Erfle),Wide-Field,50,2.00,48,,20.0,?,41.9,FMC,Y,5,8,8.3,5.71,, $ 69.99 ,420,6.00
Vite/Svbony  eBay/Amazon seller of eyepieces,Private label various Chinese clones, , ,1.25, ,, ,?, , , , ,N/A,N/A,N/A,,   ,420,6.00
Vixen,NLVW,Plossl,50,2.00,45,425,38.0,?,39.3,FMC,?,4,8,8.3,5.36,, $ 229.00 ,420,6.00
Vixen,NLVW,Wide-Field,30,2.00,65,340,22.4,?,34.0,FMC,?,4,14,5.0,4.64,, $ 219.00 ,420,6.00
Vixen,NPL,Plossl,4,1.25,50,,2.3,?,3.5,FMC,?,4,105,0.7,0.48,, $ 49.95 ,420,6.00
Vixen,NPL,Plossl,6,1.25,50,,3.0,?,5.2,FMC,?,4,70,1.0,0.71,, $ 49.95 ,420,6.00
Vixen,NPL,Plossl,8,1.25,50,,4.5,?,7.0,FMC,?,4,53,1.3,0.95,, $ 49.95 ,420,6.00
Vixen,NPL,Plossl,10,1.25,50,,6.5,?,8.7,FMC,?,4,42,1.7,1.19,, $ 49.95 ,420,6.00
Vixen,NPL,Plossl,15,1.25,50,,11.0,?,13.1,FMC,?,4,28,2.5,1.79,, $ 49.95 ,420,6.00
Vixen,NPL,Plossl,20,1.25,50,,15.0,?,17.5,FMC,?,4,21,3.3,2.38,, $ 49.95 ,420,6.00
Vixen,NPL,Plossl,25,1.25,50,,19.5,?,21.8,FMC,?,4,17,4.2,2.98,, $ 49.95 ,420,6.00
Vixen,NPL,Plossl,30,1.25,50,,24.0,?,26.2,FMC,?,4,14,5.0,3.57,, $ 59.95 ,420,6.00
Vixen,NPL,Plossl,40,1.25,40,,36.0,?,27.9,FMC,?,4,11,6.7,3.81,, $ 64.95 ,420,6.00
Vixen,SLV,"LER, ED",2.5,1.25,45,157,20.0,?,2.0,FMC,N,8,168,0.4,0.27,, $ 169.00 ,420,6.00
Vixen,SLV,"LER, ED",4,1.25,45,152,20.0,?,3.1,FMC,N,7,105,0.7,0.43,, $ 169.00 ,420,6.00
Vixen,SLV,"LER, ED",5,1.25,45,149,20.0,?,3.9,FMC,N,7,84,0.8,0.54,, $ 169.00 ,420,6.00
Vixen,SLV,"LER, ED",6,1.25,45,149,20.0,?,4.7,FMC,N,7,70,1.0,0.64,, $ 169.00 ,420,6.00
Vixen,SLV,"LER, ED",9,1.25,50,158,20.0,?,7.9,FMC,N,7,47,1.5,1.07,, $ 169.00 ,420,6.00
Vixen,SLV,"LER, ED",10,1.25,50,153,20.0,?,8.7,FMC,N,7,42,1.7,1.19,, $ 169.00 ,420,6.00
Vixen,SLV,"LER, ED",12,1.25,50,152,20.0,?,10.5,FMC,N,7,35,2.0,1.43,, $ 169.00 ,420,6.00
Vixen,SLV,"LER, ED",15,1.25,50,140,20.0,?,13.1,FMC,N,7,28,2.5,1.79,, $ 169.00 ,420,6.00
Vixen,SLV,"LER, ED",20,1.25,50,131,20.0,?,17.5,FMC,N,6,21,3.3,2.38,, $ 169.00 ,420,6.00
Vixen,SLV,"LER, ED",25,1.25,50,128,20.0,?,21.8,FMC,N,5,17,4.2,2.98,, $ 169.00 ,420,6.00
William Optics,Swan,Wide-Field,9,1.25,72,,8.0,13.0,11.3,FMC,Y,5,47,1.5,1.77,, $ 87.00 ,420,6.00
William Optics,Swan,Wide-Field,20,1.25,72,,17.0,26.0,25.1,FMC,Y,5,21,3.3,3.55,, $ 87.00 ,420,6.00
William Optics,Swan,Wide-Field,25,2.00,72,,18.0,33.0,31.4,FMC,Y,5,17,4.2,4.50,, $ 130.00 ,420,6.00
William Optics,Swan,Wide-Field,33,2.00,72,,20.0,41.0,41.5,FMC,Y,5,13,5.5,5.59,, $ 130.00 ,420,6.00
William Optics,Swan,Wide-Field,40,2.00,70,,23.0,46.0,48.9,FMC,Y,5,11,6.7,6.28,, $ 130.00 ,420,6.00
William Optics,Widefield (sold in pairs only),Wide-Field,20,1.25,66,,17.0,?,23.0,FMC,Y,5,21,3.3,3.14,, $ 104.00 ,420,6.00
Wollensak (Surplus Shed),"Various eyepieces, stock changes)", , , , ,, ,?, , , , ,N/A,N/A,N/A,,   ,420,6.00
,,,,,,,,,,,,,,,,,   ,,
,,,,,,,,,,,,,,,,,   ,,